wallet_address,vasp,record_count,unique_tx_count,successful_tx_count,volume_eth,avg_tx_value,std_tx_value,active_days,activity_duration_days,transactions_per_day,predicted_vasp,displayed_label,ml_score,ranked_vasps,unknown_or_insufficient_evidence,anomaly_score,is_anomaly
0x001866ae5b3de6caa5a51543fd9fb64f524f5478,Binance,1000.0,1000.0,1000.0,3723.4785064515736,3.7234785064515736,31.64824143902094,14.0,13.330625,71.42857142857143,Coinbase,UNKNOWN,0.47,"[{""name"": ""Coinbase"", ""score"": 0.47}, {""name"": ""Binance"", ""score"": 0.4567}, {""name"": ""Kraken"", ""score"": 0.0733}]",True,0.20280455563099087,False
0x00799bbc833d5b168f0410312d2a8fd9e0e3079c,Binance,1000.0,1000.0,973.0,5.1,0.0050999999999999,0.158142337781503,104.0,198.2782060185185,9.615384615384617,Kraken,Kraken,0.99,"[{""name"": ""Kraken"", ""score"": 0.99}, {""name"": ""Coinbase"", ""score"": 0.01}, {""name"": ""Binance"", ""score"": 0.0}]",False,0.23016790555724487,False
0x043a80999cee3711d372fb878768909fbe7f71e6,Binance,50.0,50.0,50.0,0.0578422568183101,0.0011568451363662,0.004500602521445,8.0,960.5538888888888,6.25,Binance,UNKNOWN,0.45,"[{""name"": ""Binance"", ""score"": 0.45}, {""name"": ""Coinbase"", ""score"": 0.3733}, {""name"": ""Kraken"", ""score"": 0.1767}]",True,0.18313867520807742,False
0x0681d8db095565fe8a346fa0277bffde9c0edbbf,Binance,1000.0,1000.0,1000.0,75942.7161083,75.94271610829999,2345.878779595294,2.0,1.1150347222222223,500.0,Binance,Binance,0.85,"[{""name"": ""Binance"", ""score"": 0.85}, {""name"": ""Coinbase"", ""score"": 0.09}, {""name"": ""Kraken"", ""score"": 0.06}]",False,0.05050300493618798,False
0x06a0048079ec6571cd1b537418869cde6191d42d,Binance,85.0,85.0,85.0,0.9880507306379674,0.0116241262427996,0.1028510566960366,25.0,2315.326817129629,3.4,Binance,UNKNOWN,0.56,"[{""name"": ""Binance"", ""score"": 0.56}, {""name"": ""Coinbase"", ""score"": 0.2367}, {""name"": ""Kraken"", ""score"": 0.2033}]",True,0.11069173510036351,False
0x1074253202528777561f83817d413e91bfa671d4,Binance,676.0,676.0,676.0,0.0735164491416535,0.0001087521437006,0.0026943514308506,18.0,1835.1469907407409,37.55555555555556,Binance,Binance,0.65,"[{""name"": ""Binance"", ""score"": 0.65}, {""name"": ""Coinbase"", ""score"": 0.2233}, {""name"": ""Kraken"", ""score"": 0.1267}]",False,0.07419974552046571,False
0x141fef8cd8397a390afe94846c8bd6f4ab981c48,Binance,1000.0,1000.0,968.0,12.8102,0.0128102,0.1232541215312268,160.0,392.9740625,6.25,Kraken,Kraken,0.61,"[{""name"": ""Kraken"", ""score"": 0.61}, {""name"": ""Coinbase"", ""score"": 0.38}, {""name"": ""Binance"", ""score"": 0.01}]",False,0.2251591669813094,False
0x15ece0d7de25436bcfcf3d62a9085ddc7838aee9,Binance,1000.0,1000.0,1000.0,189.8854,0.1898854,3.5336629174896226,19.0,32.21851851851852,52.63157894736842,Kraken,Kraken,0.7867,"[{""name"": ""Kraken"", ""score"": 0.7867}, {""name"": ""Coinbase"", ""score"": 0.15}, {""name"": ""Binance"", ""score"": 0.0633}]",False,0.22124949211764555,False
0x170c7c38419767816cc7ec519da67d1a4dc43826,Binance,51.0,51.0,51.0,156.10403866790904,3.060863503292334,3.1521318046864515,36.0,2859.970636574074,1.4166666666666667,Binance,Binance,0.6667,"[{""name"": ""Binance"", ""score"": 0.6667}, {""name"": ""Kraken"", ""score"": 0.18}, {""name"": ""Coinbase"", ""score"": 0.1533}]",False,0.04528035326670499,False
0x19184ab45c40c2920b0e0e31413b9434abd243ed,Binance,570.0,570.0,562.0,408365.6372561266,716.4309425546081,3819.558009532679,223.0,2802.169629629629,2.5560538116591927,Binance,UNKNOWN,0.4567,"[{""name"": ""Binance"", ""score"": 0.4567}, {""name"": ""Kraken"", ""score"": 0.3533}, {""name"": ""Coinbase"", ""score"": 0.19}]",True,-0.04047756560273885,True
0x21a31ee1afc51d94c2efccaa2092ad1028285549,Binance,1000.0,1000.0,998.0,151015.1935334481,151.0151935334481,4743.063992208523,19.0,26.174409722222222,52.63157894736842,Binance,UNKNOWN,0.4933,"[{""name"": ""Binance"", ""score"": 0.4933}, {""name"": ""Coinbase"", ""score"": 0.3467}, {""name"": ""Kraken"", ""score"": 0.16}]",True,0.11447204250297349,False
0x28c6c06298d514db089934071355e5743bf21d60,Binance,1000.0,1000.0,1000.0,11.0,0.011,0.3177734727443118,6.0,7.856817129629629,166.66666666666666,Coinbase,Coinbase,0.8867,"[{""name"": ""Coinbase"", ""score"": 0.8867}, {""name"": ""Kraken"", ""score"": 0.1067}, {""name"": ""Binance"", ""score"": 0.0067}]",False,0.19961243744942853,False
0x2e581a5ae722207aa59acd3939771e7c7052dd3d,Binance,134.0,134.0,134.0,341.65495861263923,2.5496638702435765,2.2229372519641006,62.0,1787.9119328703705,2.161290322580645,Binance,UNKNOWN,0.5833,"[{""name"": ""Binance"", ""score"": 0.5833}, {""name"": ""Coinbase"", ""score"": 0.2967}, {""name"": ""Kraken"", ""score"": 0.12}]",True,0.116391919792381,False
0x2f47a1c2db4a3b78cda44eade915c3b19107ddcc,Binance,1000.0,1000.0,1000.0,63988.0,63.988,1011.5493779346612,2.0,0.9686805555555555,500.0,Binance,Binance,0.87,"[{""name"": ""Binance"", ""score"": 0.87}, {""name"": ""Coinbase"", ""score"": 0.09}, {""name"": ""Kraken"", ""score"": 0.04}]",False,0.06682572197829884,False
0x2f7e209e0f5f645c7612d7610193fe268f118b28,Binance,59.0,59.0,59.0,0.0309097000000006,0.0005238932203389,0.0028906317952085,11.0,1394.1533912037037,5.363636363636363,Binance,Binance,0.7133,"[{""name"": ""Binance"", ""score"": 0.7133}, {""name"": ""Coinbase"", ""score"": 0.2733}, {""name"": ""Kraken"", ""score"": 0.0133}]",False,0.16462627232888688,False
0x345d8e3a1f62ee6b1d483890976fd66168e390f2,Binance,1000.0,1000.0,976.0,115059.12871180114,115.05912871180114,481.06555306837856,197.0,588.5882060185185,5.076142131979696,Binance,Binance,0.7367,"[{""name"": ""Binance"", ""score"": 0.7367}, {""name"": ""Coinbase"", ""score"": 0.1567}, {""name"": ""Kraken"", ""score"": 0.1067}]",False,0.15306536571388513,False
0x3f5ce5fbfe3e9af3971dd833d26ba9b5c936f0be,Binance,1000.0,1000.0,998.0,15107.19562462,15.10719562462,61.34783738636103,7.0,5.942858796296297,142.85714285714286,Binance,Binance,0.8233,"[{""name"": ""Binance"", ""score"": 0.8233}, {""name"": ""Coinbase"", ""score"": 0.1733}, {""name"": ""Kraken"", ""score"": 0.0033}]",False,0.18137463922694408,False
0x47ac0fb4f2d84898e4d9e7b4dab3c24507a6d503,Binance,518.0,518.0,518.0,714999.141461468,1380.3072228985868,26098.196930452246,98.0,2015.6756712962963,5.285714285714286,Coinbase,UNKNOWN,0.4667,"[{""name"": ""Coinbase"", ""score"": 0.4667}, {""name"": ""Kraken"", ""score"": 0.3033}, {""name"": ""Binance"", ""score"": 0.23}]",True,0.0014710889615913159,False
0x4d9ff50ef4da947364bb9650892b2554e7be5e2b,Binance,1000.0,1000.0,1000.0,175.637,0.175637,5.117079524503318,1.0,0.2424537037037037,1000.0,Kraken,UNKNOWN,0.53,"[{""name"": ""Kraken"", ""score"": 0.53}, {""name"": ""Coinbase"", ""score"": 0.3}, {""name"": ""Binance"", ""score"": 0.17}]",True,0.06933309110943686,False
0x4e9ce36e442e55ecd9025b9a6e0d88485d628a67,Binance,419.0,419.0,412.0,6493571.953247755,15497.785091283424,118229.80579912262,140.0,2403.0502314814817,2.992857142857143,Coinbase,UNKNOWN,0.41,"[{""name"": ""Coinbase"", ""score"": 0.41}, {""name"": ""Kraken"", ""score"": 0.3933}, {""name"": ""Binance"", ""score"": 0.1967}]",True,-0.1480703015129906,True
0x4fabb145d64652a948d72533023f6e7a623c7c53,Binance,1000.0,1000.0,995.0,0.0,0.0,0.0,36.0,39.99518518518519,27.77777777777778,Coinbase,UNKNOWN,0.5947,"[{""name"": ""Coinbase"", ""score"": 0.5947}, {""name"": ""Kraken"", ""score"": 0.3186}, {""name"": ""Binance"", ""score"": 0.0867}]",True,0.22781393996196886,False
0x50d669f43b484166680ecc3670e4766cdb0945ce,Binance,48.0,48.0,47.0,0.5000000000000001,0.0104166666666666,0.0721687836487032,18.0,1315.1103819444445,2.6666666666666665,Binance,UNKNOWN,0.5233,"[{""name"": ""Binance"", ""score"": 0.5233}, {""name"": ""Coinbase"", ""score"": 0.42}, {""name"": ""Kraken"", ""score"": 0.0567}]",True,0.17040661536159635,False
0x564286362092d8e7936f0549571a803b203aaced,Binance,1000.0,1000.0,999.0,104963.7406954,104.9637406954,3162.1583558199927,1.0,0.0562731481481481,1000.0,Binance,Binance,0.8633,"[{""name"": ""Binance"", ""score"": 0.8633}, {""name"": ""Kraken"", ""score"": 0.12}, {""name"": ""Coinbase"", ""score"": 0.0167}]",False,-0.01603780236078034,True
0x5d7f34372fa8708e09689d400a613eee67f75543,Binance,1000.0,1000.0,998.0,1222.4194297116549,1.2224194297116548,17.716005920547996,303.0,1183.5329976851851,3.3003300330033003,Coinbase,UNKNOWN,0.45,"[{""name"": ""Coinbase"", ""score"": 0.45}, {""name"": ""Binance"", ""score"": 0.3833}, {""name"": ""Kraken"", ""score"": 0.1667}]",True,0.1439333452088143,False
0x5a52e96bacdabb82fd05763e25335261b270efcb,Binance,1000.0,1000.0,988.0,2409999.0659458614,2409.9990659458613,28452.363369049443,317.0,645.2724305555555,3.154574132492113,Kraken,Kraken,0.72,"[{""name"": ""Kraken"", ""score"": 0.72}, {""name"": ""Binance"", ""score"": 0.1467}, {""name"": ""Coinbase"", ""score"": 0.1333}]",False,-0.036389121886436726,True
0x61189da79177950a7272c88c6058b96d4bcd6be2,Binance,1000.0,1000.0,1000.0,14003.684510591916,14.003684510591915,76.89308224672641,36.0,34.95399305555556,27.77777777777778,Coinbase,Coinbase,0.7067,"[{""name"": ""Coinbase"", ""score"": 0.7067}, {""name"": ""Binance"", ""score"": 0.2067}, {""name"": ""Kraken"", ""score"": 0.0867}]",False,0.2134870677875078,False
0x708396f17127c42383e3b9014072679b2f60b82f,Binance,1000.0,1000.0,1000.0,36784.27283891,36.78427283891,1027.8428230503175,1.0,0.1415162037037037,1000.0,Binance,Binance,0.9933,"[{""name"": ""Binance"", ""score"": 0.9933}, {""name"": ""Kraken"", ""score"": 0.0067}, {""name"": ""Coinbase"", ""score"": 0.0}]",False,0.034532842793185914,False
0x892e9e24aea3f27f4c6e9360e312cce93cc98ebe,Binance,1000.0,1000.0,1000.0,27368.750733466,27.368750733466,31.081215624004663,131.0,220.7061574074074,7.633587786259542,Coinbase,Coinbase,0.6933,"[{""name"": ""Coinbase"", ""score"": 0.6933}, {""name"": ""Binance"", ""score"": 0.2133}, {""name"": ""Kraken"", ""score"": 0.0933}]",False,0.20216790161745357,False
0x8b99f3660622e21f2910ecca7fbe51d654a1517d,Binance,170.0,170.0,170.0,105.6343350158632,0.6213784412697836,3.505292709340586,122.0,2649.177175925926,1.3934426229508197,Binance,UNKNOWN,0.5967,"[{""name"": ""Binance"", ""score"": 0.5967}, {""name"": ""Kraken"", ""score"": 0.2967}, {""name"": ""Coinbase"", ""score"": 0.1067}]",True,0.03951482658509475,False
0x8f22f2063d253846b53609231ed80fa571bc0c8f,Binance,1000.0,1000.0,1000.0,31083.44115992,31.08344115992,782.7693205469357,1.0,0.1935648148148148,1000.0,Binance,Binance,0.9933,"[{""name"": ""Binance"", ""score"": 0.9933}, {""name"": ""Kraken"", ""score"": 0.0067}, {""name"": ""Coinbase"", ""score"": 0.0}]",False,0.040685800359064994,False
0x8f80c66c70cbc52009babb04c1cadf9b40109289,Binance,1000.0,1000.0,1000.0,28.17,0.0281699999999999,0.6352431494781812,41.0,40.62454861111111,24.390243902439025,Kraken,Kraken,0.7067,"[{""name"": ""Kraken"", ""score"": 0.7067}, {""name"": ""Coinbase"", ""score"": 0.29}, {""name"": ""Binance"", ""score"": 0.0033}]",False,0.2289883001610174,False
0x9430801ebaf509ad49202aabc5f5bc6fd8a3daf8,Binance,1000.0,1000.0,1000.0,100.5689,0.1005689,1.5798482541272314,10.0,28.138935185185183,100.0,Kraken,Kraken,0.7333,"[{""name"": ""Kraken"", ""score"": 0.7333}, {""name"": ""Binance"", ""score"": 0.1967}, {""name"": ""Coinbase"", ""score"": 0.07}]",False,0.20739980052717844,False
0x9696f59e4d72e237be84ffd425dcad154bf96976,Binance,1000.0,1000.0,1000.0,58179.69331657,58.17969331657,1582.033777336425,1.0,0.1255902777777778,1000.0,Binance,Binance,1.0,"[{""name"": ""Binance"", ""score"": 1.0}, {""name"": ""Coinbase"", ""score"": 0.0}, {""name"": ""Kraken"", ""score"": 0.0}]",False,0.01912002688926462,False
0xab83d182f3485cf1d6ccdd34c7cfef95b4c08da4,Binance,1000.0,1000.0,1000.0,2610.692054399876,2.610692054399876,5.710395295107197,6.0,6.887465277777777,166.66666666666666,Coinbase,Coinbase,0.6067,"[{""name"": ""Coinbase"", ""score"": 0.6067}, {""name"": ""Binance"", ""score"": 0.2333}, {""name"": ""Kraken"", ""score"": 0.16}]",False,0.19331625713355954,False
0xb3f923eabaf178fc1bd8e13902fc5c61d3ddef5b,Binance,1000.0,1000.0,994.0,157528.07701575133,157.52807701575134,386.5825155818624,186.0,476.6046643518519,5.376344086021505,Kraken,UNKNOWN,0.5033,"[{""name"": ""Kraken"", ""score"": 0.5033}, {""name"": ""Binance"", ""score"": 0.4467}, {""name"": ""Coinbase"", ""score"": 0.05}]",True,0.15224403025257705,False
0xbe0eb53f46cd790cd13851d5eff43d12404d33e8,Binance,1000.0,1000.0,975.0,11509064.734911475,11509.064734911475,84707.79517929975,440.0,1181.4988078703705,2.272727272727273,Binance,UNKNOWN,0.4767,"[{""name"": ""Binance"", ""score"": 0.4767}, {""name"": ""Kraken"", ""score"": 0.32}, {""name"": ""Coinbase"", ""score"": 0.2033}]",True,-0.16054669256493093,True
0xbdd75a97c29294ff805fb2fee65abd99492b32a8,Binance,1000.0,1000.0,1000.0,66840.0,66.84,591.1351242610568,11.0,86.16398148148149,90.9090909090909,Binance,Binance,0.7233,"[{""name"": ""Binance"", ""score"": 0.7233}, {""name"": ""Coinbase"", ""score"": 0.24}, {""name"": ""Kraken"", ""score"": 0.0367}]",False,0.15576749085872116,False
0xc3c8e0a39769e2308869f7461364ca48155d1d9e,Binance,1000.0,1000.0,986.0,138122.86236430734,138.12286236430734,836.8078042683867,434.0,1237.4724768518518,2.304147465437788,Binance,Binance,0.88,"[{""name"": ""Binance"", ""score"": 0.88}, {""name"": ""Kraken"", ""score"": 0.0867}, {""name"": ""Coinbase"", ""score"": 0.0333}]",False,0.05379836381753367,False
0xc9a2c4868f0f96faaa739b59934dc9cb304112ec,Binance,467.0,467.0,454.0,0.0,0.0,0.0,165.0,2046.0816435185184,2.83030303030303,Coinbase,UNKNOWN,0.5305,"[{""name"": ""Coinbase"", ""score"": 0.5305}, {""name"": ""Binance"", ""score"": 0.3867}, {""name"": ""Kraken"", ""score"": 0.0828}]",True,0.08358412903113566,False
0xd551234ae421e3bcba99a0da6d736074f22192ff,Binance,1000.0,1000.0,1000.0,1299.89272701,1.29989272701,31.96058865931713,1.0,0.1713773148148148,1000.0,Binance,UNKNOWN,0.5,"[{""name"": ""Binance"", ""score"": 0.5}, {""name"": ""Coinbase"", ""score"": 0.4533}, {""name"": ""Kraken"", ""score"": 0.0467}]",True,0.06369667543103641,False
0xdfd5293d8e347dfe59e90efd55b2956a1343963d,Binance,1000.0,1000.0,999.0,56150.23304936999,56.15023304937,1582.1387891498875,1.0,0.1102083333333333,1000.0,Binance,Binance,0.98,"[{""name"": ""Binance"", ""score"": 0.98}, {""name"": ""Kraken"", ""score"": 0.0133}, {""name"": ""Coinbase"", ""score"": 0.0067}]",False,0.019879049807776217,False
0xe0f0cfde7ee664943906f17f7f14342e76a5cec7,Binance,1000.0,1000.0,1000.0,27855.15149284,27.85515149284,771.3903655179295,1.0,0.202349537037037,1000.0,Binance,Binance,1.0,"[{""name"": ""Binance"", ""score"": 1.0}, {""name"": ""Coinbase"", ""score"": 0.0}, {""name"": ""Kraken"", ""score"": 0.0}]",False,0.04109353750247058,False
0xa344c7ada83113b3b56941f6e85bf2eb425949f3,Binance,47.0,47.0,47.0,1.4200000000000006,0.0302127659574468,0.1483457969935833,11.0,1765.4000462962963,4.2727272727272725,Binance,UNKNOWN,0.5967,"[{""name"": ""Binance"", ""score"": 0.5967}, {""name"": ""Kraken"", ""score"": 0.2667}, {""name"": ""Coinbase"", ""score"": 0.1367}]",True,0.14583195714410724,False
0xc365c3315cf926351ccaf13fa7d19c8c4058c8e1,Binance,151.0,151.0,151.0,119728.28859995598,792.9025735096423,3659.69537787281,91.0,480.43689814814815,1.6593406593406594,Binance,UNKNOWN,0.4867,"[{""name"": ""Binance"", ""score"": 0.4867}, {""name"": ""Coinbase"", ""score"": 0.2633}, {""name"": ""Kraken"", ""score"": 0.25}]",True,0.11362749327229055,False
0xd88b55467f58af508dbfdc597e8ebd2ad2de49b3,Binance,53.0,53.0,53.0,5397.658240158629,101.8426083048798,519.12195399974,12.0,1679.8581712962964,4.416666666666667,Binance,UNKNOWN,0.5167,"[{""name"": ""Binance"", ""score"": 0.5167}, {""name"": ""Coinbase"", ""score"": 0.2667}, {""name"": ""Kraken"", ""score"": 0.2167}]",True,0.11932828054240263,False
0xd9d93951896b4ef97d251334ef2a0e39f6f6d7d7,Binance,53.0,53.0,53.0,0.1040000000000004,0.0019622641509434,0.0087661110229875,11.0,1798.0093287037037,4.818181818181818,Binance,Binance,0.8433,"[{""name"": ""Binance"", ""score"": 0.8433}, {""name"": ""Coinbase"", ""score"": 0.1233}, {""name"": ""Kraken"", ""score"": 0.0333}]",False,0.14632902862222646,False
0xfe9e8709d3215310075d67e3ed32a380ccf451c8,Binance,1000.0,1000.0,1000.0,16572.425375488987,16.572425375488987,32.23131091308066,1.0,0.715775462962963,1000.0,Binance,Binance,0.93,"[{""name"": ""Binance"", ""score"": 0.93}, {""name"": ""Coinbase"", ""score"": 0.06}, {""name"": ""Kraken"", ""score"": 0.01}]",False,0.046357842588820586,False
0x1bd3fc5ac794e7af8e834a8a4d25b08acd9266ce,Coinbase,112.0,112.0,112.0,258784.34287036423,2310.5744899139663,12203.956599297382,25.0,2081.026747685185,4.48,Coinbase,Coinbase,0.94,"[{""name"": ""Coinbase"", ""score"": 0.94}, {""name"": ""Binance"", ""score"": 0.0467}, {""name"": ""Kraken"", ""score"": 0.0133}]",False,0.09117036178691179,False
0x4d8336bda6c11bd2a805c291ec719baedd10acb9,Coinbase,1.0,1.0,1.0,0.002898253900153,0.002898253900153,0.0,1.0,0.0,1.0,Coinbase,UNKNOWN,0.51,"[{""name"": ""Coinbase"", ""score"": 0.51}, {""name"": ""Kraken"", ""score"": 0.49}, {""name"": ""Binance"", ""score"": 0.0}]",True,0.21983047342903894,False
0x382ffce2287252f930e1c8dc9328dac5bf282ba1,Coinbase,1000.0,1000.0,971.0,353.620937797155,0.353620937797155,1.166338232621489,120.0,159.63324074074075,8.333333333333334,Coinbase,UNKNOWN,0.51,"[{""name"": ""Coinbase"", ""score"": 0.51}, {""name"": ""Kraken"", ""score"": 0.46}, {""name"": ""Binance"", ""score"": 0.03}]",True,0.23196012808906663,False
0xdf61e3281fb5b1c3da3ff92865875d7751ad830b,Coinbase,23.0,23.0,23.0,0.0005,2.173913043478261e-05,0.0001042572070285,3.0,190.8875,7.666666666666667,Coinbase,Coinbase,0.9967,"[{""name"": ""Coinbase"", ""score"": 0.9967}, {""name"": ""Kraken"", ""score"": 0.0033}, {""name"": ""Binance"", ""score"": 0.0}]",False,0.21122908043318395,False
0x6e5d44060fac77c126a75fa1f7bfaf224ab52c1e,Coinbase,1000.0,1000.0,1000.0,599.5304884270944,0.5995304884270943,1.0158141360535575,102.0,140.1969560185185,9.803921568627452,Coinbase,Coinbase,0.65,"[{""name"": ""Coinbase"", ""score"": 0.65}, {""name"": ""Kraken"", ""score"": 0.3267}, {""name"": ""Binance"", ""score"": 0.0233}]",False,0.229195883712359,False
0x6dcbce46a8b494c885d0e7b6817d2b519df64467,Coinbase,31.0,31.0,31.0,0.3026119264842587,0.0097616750478793,0.0251392879018467,30.0,727.8222222222222,1.0333333333333334,Coinbase,Coinbase,0.8133,"[{""name"": ""Coinbase"", ""score"": 0.8133}, {""name"": ""Kraken"", ""score"": 0.11}, {""name"": ""Binance"", ""score"": 0.0767}]",False,0.18902047472187616,False
0x0af5035a8dff53f5a89bfc083fdec94c7332ad7a,Coinbase,108.0,108.0,108.0,3015620.8544902056,27922.41531935376,144867.13128562144,4.0,11.169097222222222,27.0,Coinbase,Coinbase,0.9067,"[{""name"": ""Coinbase"", ""score"": 0.9067}, {""name"": ""Kraken"", ""score"": 0.0767}, {""name"": ""Binance"", ""score"": 0.0167}]",False,-0.094731526061273,True
0x99e94ceb81df9e2092f200dd6094e59a8550022a,Coinbase,3.0,3.0,3.0,0.001313909846165,0.0004379699487216,0.0003905389139714,2.0,332.7997222222222,1.5,Coinbase,Coinbase,1.0,"[{""name"": ""Coinbase"", ""score"": 1.0}, {""name"": ""Binance"", ""score"": 0.0}, {""name"": ""Kraken"", ""score"": 0.0}]",False,0.22563991047153298,False
0xd8cb0c12b1d209507c64ac0b448a02497ca7c705,Coinbase,1000.0,1000.0,1000.0,0.6693750008240178,0.000669375000824,7.279122820986859e-05,1.0,0.0085763888888888,1000.0,Coinbase,Coinbase,0.7933,"[{""name"": ""Coinbase"", ""score"": 0.7933}, {""name"": ""Binance"", ""score"": 0.1067}, {""name"": ""Kraken"", ""score"": 0.1}]",False,0.06888064060376498,False
0xc9ebc59a7590e52b0904817f172ac82fc66a530b,Coinbase,24.0,24.0,24.0,0.00282090093855,0.0001175375391062,0.000399086867251,4.0,382.0969444444444,6.0,Coinbase,Coinbase,1.0,"[{""name"": ""Coinbase"", ""score"": 1.0}, {""name"": ""Binance"", ""score"": 0.0}, {""name"": ""Kraken"", ""score"": 0.0}]",False,0.21936039916383349,False
0x20ed4ef14cce5c4c064c3858f557f1422dd156e3,Coinbase,1000.0,1000.0,1000.0,76.05289141274272,0.0760528914127427,0.0676503855672864,247.0,249.85734953703704,4.048582995951417,Coinbase,Coinbase,0.9933,"[{""name"": ""Coinbase"", ""score"": 0.9933}, {""name"": ""Kraken"", ""score"": 0.0067}, {""name"": ""Binance"", ""score"": 0.0}]",False,0.22689701886882646,False
0x190a3fc38f82d07eca99592a5427eff331e8e62f,Coinbase,1000.0,1000.0,1000.0,26.993544025,0.026993544025,0.0763059643483837,97.0,712.1013425925926,10.309278350515465,Coinbase,Coinbase,0.8667,"[{""name"": ""Coinbase"", ""score"": 0.8667}, {""name"": ""Kraken"", ""score"": 0.1}, {""name"": ""Binance"", ""score"": 0.0333}]",False,0.20361784366860192,False
0x7453cdce4d98e8aac6bcb7ada980467ad1c3a5fa,Coinbase,1000.0,1000.0,1000.0,55215.81156467,55.215811564670005,130.2464320630747,86.0,104.94731481481482,11.627906976744184,Binance,UNKNOWN,0.58,"[{""name"": ""Binance"", ""score"": 0.58}, {""name"": ""Coinbase"", ""score"": 0.3867}, {""name"": ""Kraken"", ""score"": 0.0333}]",True,0.19552741056961453,False
0x299cc8e603077b2bdcf265b600cf004c2cf77401,Coinbase,1000.0,1000.0,1000.0,767.866445818,0.767866445818,0.3243222507357651,10.0,9.668680555555556,100.0,Binance,UNKNOWN,0.4633,"[{""name"": ""Binance"", ""score"": 0.4633}, {""name"": ""Coinbase"", ""score"": 0.3533}, {""name"": ""Kraken"", ""score"": 0.1833}]",True,0.20759779401948592,False
0xbcb883ab7f1cafc8c6c5fa7f5af9d064cce73ac1,Coinbase,22.0,22.0,22.0,0.0046770805216955,0.0002125945691679,0.0006899053654728,4.0,382.08416666666665,5.5,Coinbase,Coinbase,1.0,"[{""name"": ""Coinbase"", ""score"": 1.0}, {""name"": ""Binance"", ""score"": 0.0}, {""name"": ""Kraken"", ""score"": 0.0}]",False,0.2221167228681537,False
0xb8b6fe7f357adeab950ac6c270ce340a46989ce1,Coinbase,6.0,6.0,6.0,299999.9988190822,49999.99980318037,51234.75270769204,3.0,2728.1667592592594,2.0,Coinbase,Coinbase,0.91,"[{""name"": ""Coinbase"", ""score"": 0.91}, {""name"": ""Kraken"", ""score"": 0.09}, {""name"": ""Binance"", ""score"": 0.0}]",False,-0.04884046697058808,True
0xc4438cb22169a32d395c7d2e6190ab312337951d,Coinbase,21.0,21.0,21.0,0.0005,2.380952380952381e-05,0.0001091089451179,3.0,19.888472222222223,7.0,Coinbase,Coinbase,0.9997,"[{""name"": ""Coinbase"", ""score"": 0.9997}, {""name"": ""Kraken"", ""score"": 0.0003}, {""name"": ""Binance"", ""score"": 0.0}]",False,0.20691072409695366,False
0x6c8dd0e9cc58c07429e065178d88444b60e60b80,Coinbase,1000.0,1000.0,1000.0,13.446114377585266,0.0134461143775852,0.0352122961173635,63.0,64.45111111111112,15.873015873015872,Coinbase,Coinbase,0.8767,"[{""name"": ""Coinbase"", ""score"": 0.8767}, {""name"": ""Kraken"", ""score"": 0.0633}, {""name"": ""Binance"", ""score"": 0.06}]",False,0.23247453218015707,False
0xa8dcc0373822b94d7f57326be24ca67bafcaad6b,Coinbase,19.0,19.0,19.0,319446.76279455726,16812.987515503013,37854.39113107203,11.0,2728.1608333333334,1.7272727272727273,Coinbase,Coinbase,0.7333,"[{""name"": ""Coinbase"", ""score"": 0.7333}, {""name"": ""Kraken"", ""score"": 0.2633}, {""name"": ""Binance"", ""score"": 0.0033}]",False,0.012503591091160726,False
0x5122e9aa635c13afd2fc31de3953e0896bac7ab4,Coinbase,0.0,0.0,0.0,0.0,0.0,0.0,0.0,0.0,0.0,Coinbase,UNKNOWN,0.6798,"[{""name"": ""Coinbase"", ""score"": 0.6798}, {""name"": ""Kraken"", ""score"": 0.3202}, {""name"": ""Binance"", ""score"": 0.0}]",True,0.21532009827519416,True
0xf491d040110384dbcf7f241ffe2a546513fd873d,Coinbase,10.0,10.0,10.0,0.0105283374779432,0.0010528337477943,0.0008456149427899,10.0,1180.22875,1.0,Coinbase,Coinbase,0.8667,"[{""name"": ""Coinbase"", ""score"": 0.8667}, {""name"": ""Binance"", ""score"": 0.1033}, {""name"": ""Kraken"", ""score"": 0.03}]",False,0.17723285477339923,False
0x3dd1d15b3c78d6acfd75a254e857cbe5b9ff0af2,Coinbase,2.0,2.0,2.0,0.0058547839283913,0.0029273919641956,8.642820829094201e-05,2.0,304.27,1.0,Coinbase,Coinbase,0.9467,"[{""name"": ""Coinbase"", ""score"": 0.9467}, {""name"": ""Kraken"", ""score"": 0.0533}, {""name"": ""Binance"", ""score"": 0.0}]",False,0.22260419010889387,False
0x5fac951171b5c9f67cf3a111169887ae7ffefc0b,Coinbase,22.0,22.0,22.0,0.0093862259364708,0.0004266466334759,0.0013841685878074,4.0,382.0315277777778,5.5,Coinbase,Coinbase,1.0,"[{""name"": ""Coinbase"", ""score"": 1.0}, {""name"": ""Binance"", ""score"": 0.0}, {""name"": ""Kraken"", ""score"": 0.0}]",False,0.22053933332048342,False
0xce352e98934499be70f641353f16a47d9e1e3abd,Coinbase,1000.0,1000.0,1000.0,17.73108331894166,0.0177310833189416,0.0279072640395643,60.0,68.35907407407407,16.666666666666668,Coinbase,Coinbase,0.9333,"[{""name"": ""Coinbase"", ""score"": 0.9333}, {""name"": ""Kraken"", ""score"": 0.0567}, {""name"": ""Binance"", ""score"": 0.01}]",False,0.23333857200246172,False
0x47073c804a591b0033aa0a7b1a1a35515481052f,Coinbase,22.0,22.0,22.0,0.0005,2.272727272727273e-05,0.0001066003581778,3.0,19.88861111111111,7.333333333333333,Coinbase,Coinbase,1.0,"[{""name"": ""Coinbase"", ""score"": 1.0}, {""name"": ""Binance"", ""score"": 0.0}, {""name"": ""Kraken"", ""score"": 0.0}]",False,0.2061032246968284,False
0x333d17d3b42bf7930dbc6e852ca7bcf560a69003,Coinbase,4.0,4.0,4.0,0.0359887602505815,0.0089971900626453,0.0127757054607484,4.0,728.6979166666666,1.0,Coinbase,Coinbase,0.7133,"[{""name"": ""Coinbase"", ""score"": 0.7133}, {""name"": ""Kraken"", ""score"": 0.27}, {""name"": ""Binance"", ""score"": 0.0167}]",False,0.2068145717168467,False
0xc841b57520101282a42441aca955adcb168786b2,Coinbase,1000.0,1000.0,1000.0,61.28736784547306,0.061287367845473,0.031120127097917,408.0,460.7058333333333,2.450980392156863,Coinbase,Coinbase,0.9867,"[{""name"": ""Coinbase"", ""score"": 0.9867}, {""name"": ""Kraken"", ""score"": 0.0133}, {""name"": ""Binance"", ""score"": 0.0}]",False,0.20157806125513567,False
0x251e93d51c5f2a1e60b7bc90bc8b2534b68e8f40,Coinbase,1000.0,1000.0,1000.0,15.08588345,0.01508588345,0.0353286690674484,95.0,225.89163194444444,10.526315789473683,Coinbase,Coinbase,0.85,"[{""name"": ""Coinbase"", ""score"": 0.85}, {""name"": ""Kraken"", ""score"": 0.0767}, {""name"": ""Binance"", ""score"": 0.0733}]",False,0.23036189985023808,False
0xb624219480543c54603fb6b07d5eb347e51bffe0,Coinbase,23.0,23.0,23.0,5.01e-16,2.178260869565217e-17,1.7699400405198965e-17,3.0,4.904305555555555,7.666666666666667,Coinbase,Coinbase,0.9017,"[{""name"": ""Coinbase"", ""score"": 0.9017}, {""name"": ""Kraken"", ""score"": 0.085}, {""name"": ""Binance"", ""score"": 0.0133}]",False,0.2035269642767149,False
0xff9fbb429c186029c28f1e30361271ea002847ad,Coinbase,0.0,0.0,0.0,0.0,0.0,0.0,0.0,0.0,0.0,Coinbase,UNKNOWN,0.7414,"[{""name"": ""Coinbase"", ""score"": 0.7414}, {""name"": ""Kraken"", ""score"": 0.2586}, {""name"": ""Binance"", ""score"": 0.0}]",True,0.21532009827519416,True
0x25e01082ab471f4325a45da9ea6b8f27b1f042ef,Coinbase,2.0,2.0,2.0,0.0005,0.00025,0.0003535533905932,1.0,0.0013888888888888,2.0,Coinbase,Coinbase,1.0,"[{""name"": ""Coinbase"", ""score"": 1.0}, {""name"": ""Binance"", ""score"": 0.0}, {""name"": ""Kraken"", ""score"": 0.0}]",False,0.2175396229699012,False
0xb6fe66f4f56f3aaf60c4e814887af5064ec934f5,Coinbase,1000.0,1000.0,1000.0,96.36135996545424,0.0963613599654542,0.0663240337353876,391.0,571.9797569444445,2.557544757033248,Coinbase,Coinbase,0.9633,"[{""name"": ""Coinbase"", ""score"": 0.9633}, {""name"": ""Kraken"", ""score"": 0.0333}, {""name"": ""Binance"", ""score"": 0.0033}]",False,0.20648521769207778,False
0xe90304b0409151a948c9950ed02c34427237ed37,Coinbase,3.0,3.0,3.0,75000.00021,25000.00007,21572.8545535484,1.0,0.0007523148148148,3.0,Coinbase,Coinbase,0.87,"[{""name"": ""Coinbase"", ""score"": 0.87}, {""name"": ""Kraken"", ""score"": 0.0767}, {""name"": ""Binance"", ""score"": 0.0533}]",False,0.07935047903452375,False
0x569940d32cbcadff9e003235e86536871051abaf,Coinbase,1000.0,1000.0,1000.0,86.7986645513283,0.0867986645513283,0.0846882122527127,217.0,216.9007060185185,4.608294930875576,Coinbase,Coinbase,0.9133,"[{""name"": ""Coinbase"", ""score"": 0.9133}, {""name"": ""Kraken"", ""score"": 0.0567}, {""name"": ""Binance"", ""score"": 0.03}]",False,0.22791568388900496,False
0xe49916b3ff411fc6a83dc31f130e2e85be4a9385,Coinbase,1000.0,1000.0,1000.0,3913.289801825402,3.9132898018254014,14.359535207097684,75.0,187.46994212962963,13.333333333333334,Coinbase,Coinbase,0.64,"[{""name"": ""Coinbase"", ""score"": 0.64}, {""name"": ""Binance"", ""score"": 0.26}, {""name"": ""Kraken"", ""score"": 0.1}]",False,0.2208624298093842,False
0x8b413e9550505bd7efa4380659793d59d8b11389,Coinbase,1000.0,1000.0,1000.0,665.328795901,0.665328795901,0.4132610546685722,18.0,31.20568287037037,55.55555555555556,Coinbase,UNKNOWN,0.57,"[{""name"": ""Coinbase"", ""score"": 0.57}, {""name"": ""Binance"", ""score"": 0.3133}, {""name"": ""Kraken"", ""score"": 0.1167}]",True,0.22003397694579302,False
0x02d24cab4f2c3bf6e6eb07ea07e45f96baccffe7,Coinbase,1000.0,1000.0,1000.0,10.578262201888018,0.010578262201888,0.0174515323060689,48.0,55.88862268518518,20.83333333333333,Coinbase,Coinbase,0.79,"[{""name"": ""Coinbase"", ""score"": 0.79}, {""name"": ""Kraken"", ""score"": 0.1667}, {""name"": ""Binance"", ""score"": 0.0433}]",False,0.2324238265369694,False
0x8914019d12628cce16bc652c39207b604d91d975,Coinbase,1000.0,1000.0,1000.0,63.33102821695559,0.0633310282169555,0.0832066734098923,57.0,62.69199074074074,17.54385964912281,Coinbase,Coinbase,0.89,"[{""name"": ""Coinbase"", ""score"": 0.89}, {""name"": ""Kraken"", ""score"": 0.0667}, {""name"": ""Binance"", ""score"": 0.0433}]",False,0.23226312784759895,False
0x2bdcda44d935c12c3a76972c4339975782842a12,Coinbase,24.0,24.0,24.0,0.0018475473705762,7.698114044067709e-05,0.0002617757289182,4.0,382.1181944444445,6.0,Coinbase,Coinbase,0.9967,"[{""name"": ""Coinbase"", ""score"": 0.9967}, {""name"": ""Binance"", ""score"": 0.0033}, {""name"": ""Kraken"", ""score"": 0.0}]",False,0.21945155833784485,False
0x18bc4ee79785142f3aa8a893e9153cfded03637b,Coinbase,1000.0,1000.0,1000.0,208.8170623147685,0.2088170623147684,0.1257782450627705,454.0,463.57,2.202643171806167,Coinbase,Coinbase,0.96,"[{""name"": ""Coinbase"", ""score"": 0.96}, {""name"": ""Kraken"", ""score"": 0.0233}, {""name"": ""Binance"", ""score"": 0.0167}]",False,0.18406692885944553,False
0xc5b3a7675e2818c0c6943a2d9ea9a407cbe70f40,Coinbase,1000.0,1000.0,1000.0,411.9654885103333,0.4119654885103333,0.4641643177306103,449.0,821.7982175925926,2.2271714922049,Coinbase,Coinbase,0.6233,"[{""name"": ""Coinbase"", ""score"": 0.6233}, {""name"": ""Kraken"", ""score"": 0.3667}, {""name"": ""Binance"", ""score"": 0.01}]",False,0.15727758020504023,False
0xefd9096faef893f5f4e12481c0897ff1e6ade1a7,Coinbase,3.0,3.0,3.0,299999.9940961566,99999.9980320522,86602.5377795844,2.0,68.6059837962963,1.5,Coinbase,Coinbase,0.94,"[{""name"": ""Coinbase"", ""score"": 0.94}, {""name"": ""Kraken"", ""score"": 0.0567}, {""name"": ""Binance"", ""score"": 0.0033}]",False,-0.06806266655924753,True
0xd34ea7278e6bd48defe656bbe263aef11101469c,Coinbase,19.0,19.0,19.0,0.402015874995801,0.0211587302629369,0.0473087112257601,17.0,738.2706944444444,1.1176470588235294,Coinbase,Coinbase,0.8967,"[{""name"": ""Coinbase"", ""score"": 0.8967}, {""name"": ""Kraken"", ""score"": 0.0667}, {""name"": ""Binance"", ""score"": 0.0367}]",False,0.2000591509783053,False
0x739120ade7ed878fca5bbdb806263a8258fe2360,Coinbase,44.0,44.0,44.0,0.5768728424154066,0.0131107464185319,0.0276434714917569,36.0,926.4070833333334,1.2222222222222223,Coinbase,UNKNOWN,0.4933,"[{""name"": ""Coinbase"", ""score"": 0.4933}, {""name"": ""Binance"", ""score"": 0.4433}, {""name"": ""Kraken"", ""score"": 0.0633}]",True,0.17668955408444947,False
0x98f62d5e3cc0cab1ebc5fa6acac9b66a430788f2,Coinbase,1000.0,1000.0,1000.0,14.442758195665906,0.0144427581956659,0.2635699841137038,56.0,54.90972222222222,17.857142857142858,Coinbase,UNKNOWN,0.5733,"[{""name"": ""Coinbase"", ""score"": 0.5733}, {""name"": ""Kraken"", ""score"": 0.4}, {""name"": ""Binance"", ""score"": 0.0267}]",True,0.23166137473221682,False
0xd35724edd7c6208e9050a97ce3ac89f15566abe9,Coinbase,3.0,3.0,3.0,0.0013463300601097,0.0004487766867032,0.0003961742022175,2.0,327.2998611111111,1.5,Coinbase,Coinbase,1.0,"[{""name"": ""Coinbase"", ""score"": 1.0}, {""name"": ""Binance"", ""score"": 0.0}, {""name"": ""Kraken"", ""score"": 0.0}]",False,0.22572372034873872,False
0x292bf41e2506f88aa3e73721aabc75b4f08e664e,Coinbase,22.0,22.0,22.0,0.0005,2.272727272727273e-05,0.0001066003581778,3.0,178.99652777777777,7.333333333333333,Coinbase,Coinbase,0.9933,"[{""name"": ""Coinbase"", ""score"": 0.9933}, {""name"": ""Binance"", ""score"": 0.0033}, {""name"": ""Kraken"", ""score"": 0.0033}]",False,0.21203814803074644,False
0x35aeed3aa9657abf8b847038bb591b51e1e4c69f,Coinbase,78.0,78.0,78.0,283743.40615956526,3637.735976404683,15897.665123219218,17.0,2240.094803240741,4.588235294117647,Coinbase,Coinbase,0.97,"[{""name"": ""Coinbase"", ""score"": 0.97}, {""name"": ""Binance"", ""score"": 0.0167}, {""name"": ""Kraken"", ""score"": 0.0133}]",False,0.07695683873699799,False
0x714e4559f5488d6c0abde6fa88a64e0b269f25c0,Coinbase,1000.0,1000.0,1000.0,29.0480364865,0.0290480364865,0.0707155770545122,119.0,252.97876157407407,8.403361344537815,Coinbase,Coinbase,0.8767,"[{""name"": ""Coinbase"", ""score"": 0.8767}, {""name"": ""Kraken"", ""score"": 0.0933}, {""name"": ""Binance"", ""score"": 0.03}]",False,0.23114168831112364,False
0x6cd5dab3abac9d884ba31270ae0d559e60ee703e,Coinbase,1000.0,1000.0,1000.0,128.48823920090234,0.1284882392009023,0.0989149503490721,429.0,466.4782638888889,2.331002331002331,Coinbase,Coinbase,0.98,"[{""name"": ""Coinbase"", ""score"": 0.98}, {""name"": ""Kraken"", ""score"": 0.0133}, {""name"": ""Binance"", ""score"": 0.0067}]",False,0.19554083735007965,False
0x2a410f11a6f520398447bf423dcedd25dfd3a568,Coinbase,0.0,0.0,0.0,0.0,0.0,0.0,0.0,0.0,0.0,Coinbase,UNKNOWN,0.6798,"[{""name"": ""Coinbase"", ""score"": 0.6798}, {""name"": ""Kraken"", ""score"": 0.3202}, {""name"": ""Binance"", ""score"": 0.0}]",True,0.21532009827519416,True
0xcb39c5b0db9c5b6bd1d9273dccc2f98f532a8bc6,Coinbase,2.0,2.0,2.0,0.030420317,0.0152101585,0.0209159944346484,2.0,235.8205555555556,1.0,Coinbase,Coinbase,0.8967,"[{""name"": ""Coinbase"", ""score"": 0.8967}, {""name"": ""Kraken"", ""score"": 0.1}, {""name"": ""Binance"", ""score"": 0.0033}]",False,0.2201104594707003,False
0x8af8485e1f178be06386cd3877fde20626e0284f,Coinbase,2.0,2.0,2.0,0.0019681625196945,0.0009840812598472,0.000464920926937,1.0,0.0201388888888888,2.0,Coinbase,Coinbase,0.98,"[{""name"": ""Coinbase"", ""score"": 0.98}, {""name"": ""Kraken"", ""score"": 0.02}, {""name"": ""Binance"", ""score"": 0.0}]",False,0.21652256860472469,False
0x0fa2415a6e34168c600a2c3dbc893fbf82f4180a,Coinbase,1000.0,1000.0,1000.0,118.41199572102374,0.1184119957210237,0.0861882574507161,525.0,773.7462731481481,1.9047619047619049,Coinbase,Coinbase,0.99,"[{""name"": ""Coinbase"", ""score"": 0.99}, {""name"": ""Kraken"", ""score"": 0.01}, {""name"": ""Binance"", ""score"": 0.0}]",False,0.1435021350877712,False
0x55c4bf24450ecb6f818f6be5881a4fc491deb01e,Coinbase,4.0,4.0,4.0,0.2453565466999607,0.0613391366749901,0.0703964228294713,3.0,411.2836111111111,1.3333333333333333,Kraken,UNKNOWN,0.51,"[{""name"": ""Kraken"", ""score"": 0.51}, {""name"": ""Coinbase"", ""score"": 0.49}, {""name"": ""Binance"", ""score"": 0.0}]",True,0.21456804453449557,False
0x969e3afc5580f0bc3790d789781be4150c43d510,Coinbase,2.0,2.0,2.0,0.0005,0.00025,0.0003535533905932,1.0,0.0004166666666666,2.0,Coinbase,Coinbase,0.9694,"[{""name"": ""Coinbase"", ""score"": 0.9694}, {""name"": ""Kraken"", ""score"": 0.0306}, {""name"": ""Binance"", ""score"": 0.0}]",False,0.21763298172959683,False
0xd47b4a4c6207b1ee0eb1dd4e5c46a19b50fec00b,Coinbase,114.0,114.0,114.0,258784.4425886309,2270.0389700757096,12101.054779315393,27.0,1974.8722800925923,4.222222222222222,Coinbase,Coinbase,0.88,"[{""name"": ""Coinbase"", ""score"": 0.88}, {""name"": ""Binance"", ""score"": 0.07}, {""name"": ""Kraken"", ""score"": 0.05}]",False,0.09385222900840218,False
0x0068f06b31608d24efcff8aa98437227c6f549fc,Coinbase,22.0,22.0,22.0,0.0018137056758555,8.244116708434364e-05,0.0002683807631185,4.0,381.21875,5.5,Coinbase,Coinbase,0.9967,"[{""name"": ""Coinbase"", ""score"": 0.9967}, {""name"": ""Kraken"", ""score"": 0.0033}, {""name"": ""Binance"", ""score"": 0.0}]",False,0.22220718613553092,False
0x5ccdd1bc112279f93fa364c40e8a5716d2daf666,Coinbase,541.0,541.0,541.0,2297.87122142,4.2474514259149725,9.614829251862192,299.0,1456.6617245370371,1.8093645484949832,Binance,Binance,0.7567,"[{""name"": ""Binance"", ""score"": 0.7567}, {""name"": ""Coinbase"", ""score"": 0.13}, {""name"": ""Kraken"", ""score"": 0.1133}]",False,0.08358803908172463,False
0x9810762578accf1f314320cca5b72506ae7d7630,Coinbase,3.0,3.0,3.0,0.311721371134364,0.1039071237114546,0.1752687236601974,3.0,1117.178761574074,1.0,Coinbase,UNKNOWN,0.46,"[{""name"": ""Coinbase"", ""score"": 0.46}, {""name"": ""Kraken"", ""score"": 0.4433}, {""name"": ""Binance"", ""score"": 0.0967}]",True,0.18081503928214276,False
0x46ce00ec0866e7a045d2f2778558efee05c4fb08,Coinbase,3.0,3.0,3.0,0.0204409893152473,0.0068136631050824,0.0059245151354162,2.0,920.5776388888888,1.5,Coinbase,Coinbase,0.83,"[{""name"": ""Coinbase"", ""score"": 0.83}, {""name"": ""Kraken"", ""score"": 0.1133}, {""name"": ""Binance"", ""score"": 0.0567}]",False,0.1961942710519386,False
0x79f67f689b9925710d4dda2a39d680e9cea61c81,Coinbase,135.0,135.0,135.0,242396.36622145068,1795.5286386774123,10439.733426356635,34.0,1965.128113425926,3.9705882352941178,Coinbase,Coinbase,0.65,"[{""name"": ""Coinbase"", ""score"": 0.65}, {""name"": ""Binance"", ""score"": 0.2233}, {""name"": ""Kraken"", ""score"": 0.1267}]",False,0.08390361746690528,False
0xac89df060b1a9598d7b33e48f0af523926f36759,Coinbase,1000.0,1000.0,1000.0,26.65887795517129,0.0266588779551712,0.0412726863677035,259.0,308.4159490740741,3.861003861003861,Coinbase,Coinbase,0.92,"[{""name"": ""Coinbase"", ""score"": 0.92}, {""name"": ""Kraken"", ""score"": 0.07}, {""name"": ""Binance"", ""score"": 0.01}]",False,0.22578758119356712,False
0x3c4db5abac91c3000bb675a8a1b0daae31947fee,Coinbase,20.0,20.0,20.0,0.0005,2.5e-05,0.0001118033988749,3.0,19.88722222222222,6.666666666666667,Coinbase,Coinbase,0.9997,"[{""name"": ""Coinbase"", ""score"": 0.9997}, {""name"": ""Kraken"", ""score"": 0.0003}, {""name"": ""Binance"", ""score"": 0.0}]",False,0.2083724251922507,False
0x6fa197da931d05788360ec8609e507551d8afa45,Coinbase,3.0,3.0,3.0,0.0061435006866642,0.0020478335622214,0.001782411193867,2.0,329.1434722222222,1.5,Coinbase,Coinbase,0.99,"[{""name"": ""Coinbase"", ""score"": 0.99}, {""name"": ""Kraken"", ""score"": 0.01}, {""name"": ""Binance"", ""score"": 0.0}]",False,0.22531050179792472,False
0x6321f9f02d9d56261c8c79131ae74d7b427ccaf5,Coinbase,1.0,1.0,1.0,0.000548297,0.000548297,0.0,1.0,0.0,1.0,Coinbase,Coinbase,0.9203,"[{""name"": ""Coinbase"", ""score"": 0.9203}, {""name"": ""Kraken"", ""score"": 0.0797}, {""name"": ""Binance"", ""score"": 0.0}]",False,0.2201435673674016,False
0x5fe3a42e27efe8ece2ed029021ea77b4fa4782d4,Coinbase,1000.0,1000.0,1000.0,97.1365199037152,0.0971365199037152,0.0160535243105036,230.0,236.0887037037037,4.3478260869565215,Coinbase,Coinbase,0.9367,"[{""name"": ""Coinbase"", ""score"": 0.9367}, {""name"": ""Kraken"", ""score"": 0.06}, {""name"": ""Binance"", ""score"": 0.0033}]",False,0.22866364847755666,False
0x9a7b843e4892e22319e2494097d4e72e8d928921,Coinbase,1000.0,1000.0,1000.0,236.1438705259237,0.2361438705259236,0.1444120548468159,381.0,379.4135648148148,2.6246719160104988,Coinbase,Coinbase,0.92,"[{""name"": ""Coinbase"", ""score"": 0.92}, {""name"": ""Kraken"", ""score"": 0.08}, {""name"": ""Binance"", ""score"": 0.0}]",False,0.20250490921451952,False
0x46d06422b2718ea06042fbfa1c1712bd52896ef3,Coinbase,3.0,3.0,3.0,0.0023182605652449,0.0007727535217483,0.0006753653156381,2.0,327.03444444444443,1.5,Coinbase,Coinbase,1.0,"[{""name"": ""Coinbase"", ""score"": 1.0}, {""name"": ""Binance"", ""score"": 0.0}, {""name"": ""Kraken"", ""score"": 0.0}]",False,0.22572372034873872,False
0xa7927364e94e162102e7cf2447e33e01fc629e68,Coinbase,3.0,3.0,3.0,0.0114924274915796,0.0038308091638598,0.0033272708937296,2.0,505.2970833333333,1.5,Coinbase,Coinbase,0.9567,"[{""name"": ""Coinbase"", ""score"": 0.9567}, {""name"": ""Kraken"", ""score"": 0.04}, {""name"": ""Binance"", ""score"": 0.0033}]",False,0.21674818308365512,False
0x82a8b86776ecd679c43cfccbb1988e7482ca3f45,Coinbase,3.0,3.0,3.0,0.0032265113949749,0.0010755037983249,0.0009413980664034,2.0,336.45930555555555,1.5,Coinbase,Coinbase,0.9967,"[{""name"": ""Coinbase"", ""score"": 0.9967}, {""name"": ""Kraken"", ""score"": 0.0033}, {""name"": ""Binance"", ""score"": 0.0}]",False,0.2254779535299692,False
0xb93d8596ac840816bd366dc0561e8140afd0d1cb,Coinbase,75.0,75.0,75.0,279402.6579047897,3725.368772063863,15966.567303542572,19.0,2270.244849537037,3.947368421052632,Coinbase,Coinbase,0.9733,"[{""name"": ""Coinbase"", ""score"": 0.9733}, {""name"": ""Binance"", ""score"": 0.0167}, {""name"": ""Kraken"", ""score"": 0.01}]",False,0.08160616780668706,False
0x8bcbf517b67b9d1ab8ff6dddaa743df98d7498a6,Coinbase,1000.0,1000.0,1000.0,197.97987822490896,0.1979798782249089,0.1981179877392418,499.0,691.3951388888889,2.004008016032064,Coinbase,Coinbase,0.8933,"[{""name"": ""Coinbase"", ""score"": 0.8933}, {""name"": ""Kraken"", ""score"": 0.1033}, {""name"": ""Binance"", ""score"": 0.0033}]",False,0.1558566421923332,False
0x5d4a1f65a7b354e35749620200aeb2d5d8ce4867,Coinbase,361.0,361.0,361.0,29.386269697,0.0814024091329639,0.1361159736828329,225.0,526.4728240740741,1.6044444444444443,Kraken,UNKNOWN,0.49,"[{""name"": ""Kraken"", ""score"": 0.49}, {""name"": ""Coinbase"", ""score"": 0.4533}, {""name"": ""Binance"", ""score"": 0.0567}]",True,0.14647778448060433,False
0x20fe51a9229eef2cf8ad9e89d91cab9312cf3b7a,Coinbase,27.0,27.0,27.0,0.4183960319980183,0.0154961493332599,0.0252019931226867,24.0,831.7376388888889,1.125,Coinbase,Coinbase,0.8833,"[{""name"": ""Coinbase"", ""score"": 0.8833}, {""name"": ""Kraken"", ""score"": 0.0733}, {""name"": ""Binance"", ""score"": 0.0433}]",False,0.19168530616021667,False
0xd5268a476aadd1a6729df5b3e5e8f2c1004139af,Coinbase,69.0,69.0,69.0,261752.72201657903,3793.5177103852034,15580.820541999952,20.0,2162.9826851851853,3.45,Coinbase,Coinbase,0.95,"[{""name"": ""Coinbase"", ""score"": 0.95}, {""name"": ""Kraken"", ""score"": 0.0267}, {""name"": ""Binance"", ""score"": 0.0233}]",False,0.08926834109043841,False
0xa090e606e30bd747d4e6245a1517ebe430f0057e,Coinbase,1000.0,1000.0,1000.0,1859.4704535026133,1.8594704535026128,2.5271750139623124,29.0,39.50256944444445,34.48275862068966,Coinbase,Coinbase,0.6933,"[{""name"": ""Coinbase"", ""score"": 0.6933}, {""name"": ""Binance"", ""score"": 0.1967}, {""name"": ""Kraken"", ""score"": 0.11}]",False,0.22223342886440484,False
0xe04cf52e9fafa3d9bf14c407afff94165ef835f7,Coinbase,13.0,13.0,13.0,299999.99928173964,23076.92302167228,42033.64002169385,8.0,2728.130462962963,1.625,Coinbase,Coinbase,0.8733,"[{""name"": ""Coinbase"", ""score"": 0.8733}, {""name"": ""Kraken"", ""score"": 0.1267}, {""name"": ""Binance"", ""score"": 0.0}]",False,-0.0013640621075855508,True
0xddfabcdc4d8ffc6d5beaf154f18b778f892a0740,Coinbase,1000.0,1000.0,1000.0,14.408041731,0.014408041731,0.2804391765069877,3.0,2.018842592592593,333.3333333333333,Coinbase,Coinbase,0.9233,"[{""name"": ""Coinbase"", ""score"": 0.9233}, {""name"": ""Binance"", ""score"": 0.0567}, {""name"": ""Kraken"", ""score"": 0.02}]",False,0.16098957399872438,False
0x624417da5bbdd091f814a49b9cefae2c797a234d,Coinbase,3.0,3.0,3.0,0.0071886594261689,0.002396219808723,0.0020810178439926,2.0,321.16013888888887,1.5,Coinbase,Coinbase,0.9667,"[{""name"": ""Coinbase"", ""score"": 0.9667}, {""name"": ""Kraken"", ""score"": 0.0333}, {""name"": ""Binance"", ""score"": 0.0}]",False,0.22533080232030545,False
0x71660c4005ba85c37ccec55d0c4493e66fe775d3,Coinbase,1000.0,1000.0,1000.0,12.818637024,0.0128186370239999,0.2437823431690401,3.0,2.149039351851852,333.3333333333333,Coinbase,Coinbase,0.9767,"[{""name"": ""Coinbase"", ""score"": 0.9767}, {""name"": ""Kraken"", ""score"": 0.02}, {""name"": ""Binance"", ""score"": 0.0033}]",False,0.16148187171029005,False
0x0f71dcff39ab3a817d02b6b3b808ffa21d3f67c1,Coinbase,1000.0,1000.0,1000.0,10.833458498,0.010833458498,0.0399036498584903,40.0,45.31797453703704,25.0,Coinbase,Coinbase,0.8867,"[{""name"": ""Coinbase"", ""score"": 0.8867}, {""name"": ""Binance"", ""score"": 0.0733}, {""name"": ""Kraken"", ""score"": 0.04}]",False,0.22977739140960385,False
0xd65fb7d4cb595833e84c3c094bd4779bab0d4c62,Coinbase,109.0,109.0,109.0,258784.3435562125,2374.1682895065364,12369.173969517584,26.0,2041.0667708333333,4.1923076923076925,Coinbase,Coinbase,0.95,"[{""name"": ""Coinbase"", ""score"": 0.95}, {""name"": ""Binance"", ""score"": 0.0267}, {""name"": ""Kraken"", ""score"": 0.0233}]",False,0.0930803423661738,False
0x6fd72c7a8d1e521b17f321ec6bfc4f83ff58c1e2,Coinbase,1000.0,1000.0,1000.0,10.92437889,0.01092437889,0.030435695632248,54.0,81.9653125,18.51851851851852,Coinbase,Coinbase,0.7333,"[{""name"": ""Coinbase"", ""score"": 0.7333}, {""name"": ""Kraken"", ""score"": 0.2267}, {""name"": ""Binance"", ""score"": 0.04}]",False,0.2332474895409427,False
0x4acaeac37793e52d298b6cf28f8411c0185b794e,Coinbase,1000.0,1000.0,1000.0,115.3017341148236,0.1153017341148235,0.1214784977092787,410.0,411.509849537037,2.4390243902439024,Coinbase,Coinbase,0.8633,"[{""name"": ""Coinbase"", ""score"": 0.8633}, {""name"": ""Binance"", ""score"": 0.08}, {""name"": ""Kraken"", ""score"": 0.0567}]",False,0.2019053487220021,False
0x0835e9777d3080be33382566c8eb303c59c24759,Coinbase,1000.0,1000.0,1000.0,110.15708840258269,0.1101570884025826,0.0963122360991789,462.0,531.2346180555555,2.1645021645021645,Coinbase,Coinbase,0.96,"[{""name"": ""Coinbase"", ""score"": 0.96}, {""name"": ""Kraken"", ""score"": 0.04}, {""name"": ""Binance"", ""score"": 0.0}]",False,0.18437213479433567,False
0x595faf77e533a5cd30ab5859c9a0116de8bad8db,Coinbase,176.0,176.0,176.0,258784.34325247293,1470.365586661778,9784.48991527141,38.0,2042.8580671296293,4.631578947368421,Coinbase,Coinbase,0.7933,"[{""name"": ""Coinbase"", ""score"": 0.7933}, {""name"": ""Kraken"", ""score"": 0.1233}, {""name"": ""Binance"", ""score"": 0.0833}]",False,0.07996950459228347,False
0xd688aea8f7d450909ade10c47faa95707b0682d9,Coinbase,34.0,34.0,34.0,0.0990477917882636,0.0029131703467136,0.0118355501948128,12.0,1343.8207175925927,2.833333333333333,Binance,UNKNOWN,0.4733,"[{""name"": ""Binance"", ""score"": 0.4733}, {""name"": ""Coinbase"", ""score"": 0.3867}, {""name"": ""Kraken"", ""score"": 0.14}]",True,0.1732401188183026,False
0x860424e9e243a53383257d152d422b6f59c933a4,Coinbase,1000.0,1000.0,1000.0,14.890279607,0.014890279607,0.0342498015459123,54.0,68.00505787037036,18.51851851851852,Coinbase,Coinbase,0.97,"[{""name"": ""Coinbase"", ""score"": 0.97}, {""name"": ""Binance"", ""score"": 0.02}, {""name"": ""Kraken"", ""score"": 0.01}]",False,0.23356767753541063,False
0x8134d518e0cef5388136c0de43d7e12278701ac5,Coinbase,94.0,94.0,94.0,0.981528257,0.0104417899680851,0.0298863428625974,22.0,591.5839583333334,4.2727272727272725,Binance,UNKNOWN,0.52,"[{""name"": ""Binance"", ""score"": 0.52}, {""name"": ""Coinbase"", ""score"": 0.3433}, {""name"": ""Kraken"", ""score"": 0.1367}]",True,0.19533106659198557,False
0xf27daff52c38b2c373ad2b9392652ddf433303c4,Coinbase,97.0,97.0,97.0,672784.6314227286,6935.924035285862,68310.92855447662,6.0,735.455949074074,16.166666666666668,Coinbase,Coinbase,0.9433,"[{""name"": ""Coinbase"", ""score"": 0.9433}, {""name"": ""Kraken"", ""score"": 0.0467}, {""name"": ""Binance"", ""score"": 0.01}]",False,0.021262869310473276,False
0x0ff46f72b1e8b98342919ff7ecad1e9c59b33977,Coinbase,24.0,24.0,24.0,0.0027588426271921,0.000114951776133,0.000391071599136,5.0,434.32166666666666,4.8,Coinbase,Coinbase,1.0,"[{""name"": ""Coinbase"", ""score"": 1.0}, {""name"": ""Binance"", ""score"": 0.0}, {""name"": ""Kraken"", ""score"": 0.0}]",False,0.21821894404126357,False
0x2ebc2208a019a050015c37cedc54e8c282411bca,Coinbase,22.0,22.0,22.0,0.0032691062800883,0.000148595740004,0.0004822767740901,4.0,382.09819444444446,5.5,Coinbase,Coinbase,1.0,"[{""name"": ""Coinbase"", ""score"": 1.0}, {""name"": ""Binance"", ""score"": 0.0}, {""name"": ""Kraken"", ""score"": 0.0}]",False,0.2221167228681537,False
0x0b9eda13de765fff1e3bbda113e815adf93aed7b,Coinbase,615.0,615.0,615.0,4.999474327668859,0.008129226549055,0.0111385786483504,57.0,55.52217592592593,10.789473684210526,Coinbase,Coinbase,0.6267,"[{""name"": ""Coinbase"", ""score"": 0.6267}, {""name"": ""Kraken"", ""score"": 0.2333}, {""name"": ""Binance"", ""score"": 0.14}]",False,0.1734090816413088,False
0xd69b42d93af96cf278b1149bffb2d668d0154b7d,Coinbase,0.0,0.0,0.0,0.0,0.0,0.0,0.0,0.0,0.0,Coinbase,UNKNOWN,0.6798,"[{""name"": ""Coinbase"", ""score"": 0.6798}, {""name"": ""Kraken"", ""score"": 0.3202}, {""name"": ""Binance"", ""score"": 0.0}]",True,0.21532009827519416,True
0x58aaf79cb86dd730fa008973d4c4b6fee8fb4d80,Coinbase,2.0,2.0,2.0,0.0005,0.00025,0.0003535533905932,1.0,0.0008333333333333,2.0,Coinbase,Coinbase,1.0,"[{""name"": ""Coinbase"", ""score"": 1.0}, {""name"": ""Binance"", ""score"": 0.0}, {""name"": ""Kraken"", ""score"": 0.0}]",False,0.21789531262427342,False
0x42a6b8aa5a34ae6c1bcb7fe3790faa06c09bcbf7,Coinbase,3.0,3.0,3.0,0.0056714621488118,0.0018904873829372,0.001645430396188,2.0,306.5577777777778,1.5,Coinbase,Coinbase,0.99,"[{""name"": ""Coinbase"", ""score"": 0.99}, {""name"": ""Kraken"", ""score"": 0.01}, {""name"": ""Binance"", ""score"": 0.0}]",False,0.2248551879273321,False
0x8535d5ed435e405a881545ffb2f8d6b81f6c9d41,Coinbase,0.0,0.0,0.0,0.0,0.0,0.0,0.0,0.0,0.0,Coinbase,UNKNOWN,0.7804,"[{""name"": ""Coinbase"", ""score"": 0.7804}, {""name"": ""Kraken"", ""score"": 0.2196}, {""name"": ""Binance"", ""score"": 0.0}]",True,0.21532009827519416,True
0x19d599012788b991ff542f31208bab21ea38403e,Coinbase,14.0,14.0,14.0,299999.9993098324,21428.571379273744,40852.85808126087,9.0,2728.094224537037,1.5555555555555556,Coinbase,Coinbase,0.72,"[{""name"": ""Coinbase"", ""score"": 0.72}, {""name"": ""Kraken"", ""score"": 0.28}, {""name"": ""Binance"", ""score"": 0.0}]",False,-0.00025960393439850016,True
0x4b8a6a3a657ba4568bd582fffe776a325a8616af,Coinbase,1000.0,1000.0,1000.0,19768.224625537,19.768224625537,34.617239641016425,26.0,373.4840625,38.46153846153846,Binance,UNKNOWN,0.5233,"[{""name"": ""Binance"", ""score"": 0.5233}, {""name"": ""Coinbase"", ""score"": 0.41}, {""name"": ""Kraken"", ""score"": 0.0667}]",True,0.187247264784077,False
0xc4ca777b37259824a0ce6a97f7b59caf000a301a,Coinbase,1000.0,1000.0,1000.0,94.01232210870825,0.0940123221087082,0.0494058594671439,23.0,21.78869212962963,43.47826086956522,Coinbase,Coinbase,0.7933,"[{""name"": ""Coinbase"", ""score"": 0.7933}, {""name"": ""Kraken"", ""score"": 0.1433}, {""name"": ""Binance"", ""score"": 0.0633}]",False,0.2257802095932901,False
0x3cd751e6b0078be393132286c442345e5dc49699,Coinbase,1000.0,1000.0,1000.0,14.47464363,0.0144746436299999,0.2823982974292371,3.0,2.125659722222222,333.3333333333333,Coinbase,Coinbase,0.9667,"[{""name"": ""Coinbase"", ""score"": 0.9667}, {""name"": ""Binance"", ""score"": 0.0167}, {""name"": ""Kraken"", ""score"": 0.0167}]",False,0.16146227625427906,False
0x2cc5146929a893d1d73bc34fb37815cc1a44ae33,Coinbase,887.0,887.0,887.0,0.0,0.0,0.0,280.0,1594.4097916666667,3.1678571428571427,Binance,Binance,0.8367,"[{""name"": ""Binance"", ""score"": 0.8367}, {""name"": ""Coinbase"", ""score"": 0.0985}, {""name"": ""Kraken"", ""score"": 0.0648}]",False,0.11986444079616165,False
0x2caafa8cddac8dd753f927d9dd1816ad0063a422,Coinbase,2.0,2.0,2.0,0.0005,0.00025,0.0003535533905932,1.0,0.0006944444444444,2.0,Coinbase,Coinbase,1.0,"[{""name"": ""Coinbase"", ""score"": 1.0}, {""name"": ""Binance"", ""score"": 0.0}, {""name"": ""Kraken"", ""score"": 0.0}]",False,0.21763298172959683,False
0x6f52730dba7b02beefcaf0d6998c9ae901ea04f9,Coinbase,91.0,91.0,91.0,1116033.3940078411,12264.103230855397,57983.87271994614,13.0,548.3952199074074,7.0,Coinbase,Coinbase,0.8967,"[{""name"": ""Coinbase"", ""score"": 0.8967}, {""name"": ""Kraken"", ""score"": 0.09}, {""name"": ""Binance"", ""score"": 0.0133}]",False,0.022745655399299847,False
0xc070a61d043189d99bbf4baa58226bf0991c7b11,Coinbase,20.0,20.0,20.0,0.0042292936175177,0.0002114646808758,0.0007767022237413,5.0,790.21875,4.0,Coinbase,Coinbase,0.9833,"[{""name"": ""Coinbase"", ""score"": 0.9833}, {""name"": ""Kraken"", ""score"": 0.01}, {""name"": ""Binance"", ""score"": 0.0067}]",False,0.2050399164435655,False
0xd010d97be4d7be278872e25d02cd6534b0499d17,Coinbase,1000.0,1000.0,1000.0,240.7330181451528,0.2407330181451527,0.1157652126633023,447.0,462.3354861111111,2.237136465324385,Coinbase,Coinbase,0.95,"[{""name"": ""Coinbase"", ""score"": 0.95}, {""name"": ""Binance"", ""score"": 0.0367}, {""name"": ""Kraken"", ""score"": 0.0133}]",False,0.18470731152958608,False
0x02330d7966b3ed95c5a01340bbe88598b5367997,Coinbase,2.0,2.0,2.0,0.0005,0.00025,0.0003535533905932,1.0,0.0013888888888888,2.0,Coinbase,Coinbase,1.0,"[{""name"": ""Coinbase"", ""score"": 1.0}, {""name"": ""Binance"", ""score"": 0.0}, {""name"": ""Kraken"", ""score"": 0.0}]",False,0.2175396229699012,False
0x6c13399d434e52c88a42a2a0b8bd787f4956166e,Coinbase,23.0,23.0,23.0,0.0090221686414414,0.0003922682018018,0.0013016565500019,4.0,382.03180555555554,5.75,Coinbase,Coinbase,1.0,"[{""name"": ""Coinbase"", ""score"": 1.0}, {""name"": ""Binance"", ""score"": 0.0}, {""name"": ""Kraken"", ""score"": 0.0}]",False,0.2199129332531488,False
0xf74443ada6c507eb1442acdf7d73be745e4e9868,Coinbase,22.0,22.0,22.0,0.0005,2.272727272727273e-05,0.0001066003581778,3.0,19.88736111111111,7.333333333333333,Coinbase,Coinbase,0.9933,"[{""name"": ""Coinbase"", ""score"": 0.9933}, {""name"": ""Binance"", ""score"": 0.0033}, {""name"": ""Kraken"", ""score"": 0.0033}]",False,0.2061032246968284,False
0x76a1b88be943bc5dc6c9b641a0835970a2cc2dc4,Coinbase,0.0,0.0,0.0,0.0,0.0,0.0,0.0,0.0,0.0,Coinbase,UNKNOWN,0.7086,"[{""name"": ""Coinbase"", ""score"": 0.7086}, {""name"": ""Kraken"", ""score"": 0.2914}, {""name"": ""Binance"", ""score"": 0.0}]",True,0.21532009827519416,True
0xbe9895146f7af43049ca1c1ae358b0541ea49704,Coinbase,1000.0,1000.0,989.0,0.0,0.0,0.0,13.0,206.8201967592593,76.92307692307692,Kraken,UNKNOWN,0.52,"[{""name"": ""Kraken"", ""score"": 0.52}, {""name"": ""Coinbase"", ""score"": 0.3967}, {""name"": ""Binance"", ""score"": 0.0833}]",True,0.20389076631266895,False
0xec972cfa7386bbdee6f5610ec65e09133c8671f5,Coinbase,24.0,24.0,24.0,0.0027680426271921,0.0001153351094663,0.0003922443562351,5.0,434.3102777777778,4.8,Coinbase,Coinbase,1.0,"[{""name"": ""Coinbase"", ""score"": 1.0}, {""name"": ""Binance"", ""score"": 0.0}, {""name"": ""Kraken"", ""score"": 0.0}]",False,0.21813724793362033,False
0xf2f07ef4a923f48fc4d47f0af115f8895177f075,Coinbase,0.0,0.0,0.0,0.0,0.0,0.0,0.0,0.0,0.0,Coinbase,UNKNOWN,0.7804,"[{""name"": ""Coinbase"", ""score"": 0.7804}, {""name"": ""Kraken"", ""score"": 0.2196}, {""name"": ""Binance"", ""score"": 0.0}]",True,0.21532009827519416,True
0x81b044b81beaccff016591e71f4aa43405f2e4b2,Coinbase,23.0,23.0,23.0,0.0093954259364708,0.0004084967798465,0.0013564956174352,4.0,382.0315277777778,5.75,Coinbase,Coinbase,1.0,"[{""name"": ""Coinbase"", ""score"": 1.0}, {""name"": ""Binance"", ""score"": 0.0}, {""name"": ""Kraken"", ""score"": 0.0}]",False,0.21957805479903314,False
0xf27182c5568beafb967140286e25807250eacc4c,Coinbase,3.0,3.0,3.0,0.0013702227986297,0.0004567409328765,0.0004008363011537,2.0,335.0426388888889,1.5,Coinbase,Coinbase,1.0,"[{""name"": ""Coinbase"", ""score"": 1.0}, {""name"": ""Binance"", ""score"": 0.0}, {""name"": ""Kraken"", ""score"": 0.0}]",False,0.22563991047153298,False
0x21236711e0668c231d29813becbe36fda27b240e,Coinbase,3.0,3.0,3.0,299999.9939005268,99999.99796684226,86602.53804391257,2.0,102.26974537037036,1.5,Coinbase,Coinbase,0.9,"[{""name"": ""Coinbase"", ""score"": 0.9}, {""name"": ""Kraken"", ""score"": 0.1}, {""name"": ""Binance"", ""score"": 0.0}]",False,-0.07293753370153999,True
0xeba20d0f74ecc13130579d21bb53d63c96258652,Coinbase,33.0,33.0,33.0,373728.6587111935,11325.110870036166,31773.875813860264,11.0,176.0178125,3.0,Coinbase,Coinbase,0.6333,"[{""name"": ""Coinbase"", ""score"": 0.6333}, {""name"": ""Kraken"", ""score"": 0.3667}, {""name"": ""Binance"", ""score"": 0.0}]",False,0.09919625344251043,False
0x40ebc1ac8d4fedd2e144b75fe9c0420be82750c6,Coinbase,27.0,27.0,27.0,0.5586990624589835,0.0206925578688512,0.0554077589975608,26.0,879.8243055555556,1.0384615384615383,Coinbase,Coinbase,0.8633,"[{""name"": ""Coinbase"", ""score"": 0.8633}, {""name"": ""Kraken"", ""score"": 0.1067}, {""name"": ""Binance"", ""score"": 0.03}]",False,0.18288992647979646,False
0xc31e0545fe3de0ed4283e3213a5fc9e5006adc62,Coinbase,767.0,767.0,767.0,92.52198238096123,0.1206283994536652,0.1439283203250747,478.0,676.2383912037037,1.604602510460251,Coinbase,Coinbase,0.85,"[{""name"": ""Coinbase"", ""score"": 0.85}, {""name"": ""Kraken"", ""score"": 0.15}, {""name"": ""Binance"", ""score"": 0.0}]",False,0.12085301989585939,False
0xf0eefa46ee509eb8fab42f62917db8a93432e2ef,Coinbase,51.0,51.0,51.0,449509.1590752974,8813.905079907792,31044.266332927105,13.0,36.74518518518519,3.923076923076923,Coinbase,Coinbase,0.81,"[{""name"": ""Coinbase"", ""score"": 0.81}, {""name"": ""Kraken"", ""score"": 0.1533}, {""name"": ""Binance"", ""score"": 0.0367}]",False,0.0965131931659799,False
0xaf80e81ded234d229c0e60237f2d0c97ca315178,Coinbase,1000.0,1000.0,1000.0,20.17784243,0.02017784243,0.0478149779298382,238.0,454.86971064814816,4.201680672268908,Coinbase,Coinbase,0.93,"[{""name"": ""Coinbase"", ""score"": 0.93}, {""name"": ""Kraken"", ""score"": 0.05}, {""name"": ""Binance"", ""score"": 0.02}]",False,0.22477422098064642,False
0x90e63c3d53e0ea496845b7a03ec7548b70014a91,Coinbase,447.0,447.0,447.0,3015620.877095472,6746.355429743784,71202.3826357059,145.0,832.6844444444445,3.082758620689656,Binance,UNKNOWN,0.5733,"[{""name"": ""Binance"", ""score"": 0.5733}, {""name"": ""Coinbase"", ""score"": 0.2133}, {""name"": ""Kraken"", ""score"": 0.2133}]",True,-0.05355257284177306,True
0x0e50f766368ee5cd9286c1d29299766c471b8072,Coinbase,1000.0,1000.0,1000.0,98.87918461771916,0.0988791846177191,0.0926906939417508,393.0,400.3073263888889,2.544529262086514,Coinbase,Coinbase,0.8167,"[{""name"": ""Coinbase"", ""score"": 0.8167}, {""name"": ""Kraken"", ""score"": 0.1533}, {""name"": ""Binance"", ""score"": 0.03}]",False,0.206998162730894,False
0x2ee1717f0e49481c72b814e5778815b9fe3d92d1,Coinbase,22.0,22.0,22.0,0.0090313686414414,0.0004105167564291,0.0013306834850148,4.0,382.0316666666667,5.5,Coinbase,Coinbase,1.0,"[{""name"": ""Coinbase"", ""score"": 1.0}, {""name"": ""Binance"", ""score"": 0.0}, {""name"": ""Kraken"", ""score"": 0.0}]",False,0.22072815304947319,False
0x87a80a12dc5a565dcec4939ebdea1b81bc073658,Coinbase,1000.0,1000.0,1000.0,68.1278079339257,0.0681278079339257,0.0617949233429553,528.0,649.3537152777777,1.893939393939394,Coinbase,Coinbase,0.9833,"[{""name"": ""Coinbase"", ""score"": 0.9833}, {""name"": ""Kraken"", ""score"": 0.0167}, {""name"": ""Binance"", ""score"": 0.0}]",False,0.144463371939563,False
0x7db25dfaabc961808b482ea47dc6c26a3cbd5589,Coinbase,6.0,6.0,6.0,62413.401065216334,10402.23351086939,10696.549314305954,2.0,24.800416666666667,3.0,Coinbase,Coinbase,0.75,"[{""name"": ""Coinbase"", ""score"": 0.75}, {""name"": ""Kraken"", ""score"": 0.1933}, {""name"": ""Binance"", ""score"": 0.0567}]",False,0.13024041117276697,False
0x4eb9548132c1bcb02fbdddde5d946d558864f76d,Coinbase,1000.0,1000.0,1000.0,101.22837283122628,0.1012283728312262,0.0627181115005651,23.0,22.042233796296298,43.47826086956522,Coinbase,Coinbase,0.7867,"[{""name"": ""Coinbase"", ""score"": 0.7867}, {""name"": ""Kraken"", ""score"": 0.2033}, {""name"": ""Binance"", ""score"": 0.01}]",False,0.2260606653447933,False
0xe62240a57f0efbf549e278e8058f632af3ea5206,Coinbase,1000.0,1000.0,1000.0,301588.78823122,301.58878823122,789.346989918296,42.0,75.20432870370371,23.80952380952381,Kraken,Kraken,0.6233,"[{""name"": ""Kraken"", ""score"": 0.6233}, {""name"": ""Coinbase"", ""score"": 0.2467}, {""name"": ""Binance"", ""score"": 0.13}]",False,0.1413695925875469,False
0xdb3c617cdd2fbf0bb4309c325f47678e37f096d9,Coinbase,74.0,74.0,74.0,270376.05212135694,3653.7304340723913,15554.368566979145,23.0,2211.233310185185,3.217391304347826,Coinbase,Coinbase,0.94,"[{""name"": ""Coinbase"", ""score"": 0.94}, {""name"": ""Binance"", ""score"": 0.03}, {""name"": ""Kraken"", ""score"": 0.03}]",False,0.08321739329251177,False
0x8c2dd8cbad62b5ced00855c6291744f0216ac58c,Coinbase,1000.0,1000.0,1000.0,71.6594055608035,0.0716594055608035,0.0642864622215719,283.0,287.1909953703704,3.53356890459364,Coinbase,Coinbase,0.98,"[{""name"": ""Coinbase"", ""score"": 0.98}, {""name"": ""Kraken"", ""score"": 0.02}, {""name"": ""Binance"", ""score"": 0.0}]",False,0.21925592521409032,False
0x904383ea20adb9b590360341925c0ea724c8a57f,Coinbase,2.0,2.0,2.0,0.0005,0.00025,0.0003535533905932,1.0,0.0013888888888888,2.0,Coinbase,Coinbase,1.0,"[{""name"": ""Coinbase"", ""score"": 1.0}, {""name"": ""Binance"", ""score"": 0.0}, {""name"": ""Kraken"", ""score"": 0.0}]",False,0.2175396229699012,False
0xcd9f1f99bd51ed5a35c9342fbbc96bd6f17f0891,Coinbase,309.0,309.0,309.0,31.711090466,0.1026248882394822,0.1349303536996685,271.0,1100.578449074074,1.1402214022140222,Coinbase,UNKNOWN,0.5367,"[{""name"": ""Coinbase"", ""score"": 0.5367}, {""name"": ""Kraken"", ""score"": 0.4067}, {""name"": ""Binance"", ""score"": 0.0567}]",True,0.11038415773290983,False
0x3a050132d1dd00efe8da01b072b7b04c3801ebde,Coinbase,1000.0,1000.0,1000.0,67.99259774801591,0.0679925977480159,0.052897692822317,251.0,539.6002662037037,3.98406374501992,Coinbase,Coinbase,0.9833,"[{""name"": ""Coinbase"", ""score"": 0.9833}, {""name"": ""Kraken"", ""score"": 0.0167}, {""name"": ""Binance"", ""score"": 0.0}]",False,0.22109371035740621,False
0xff9fc990ba8a647a37f16decd3f9f30e5a608348,Coinbase,21.0,21.0,21.0,0.0005,2.380952380952381e-05,0.0001091089451179,3.0,19.88736111111111,7.0,Coinbase,Coinbase,1.0,"[{""name"": ""Coinbase"", ""score"": 1.0}, {""name"": ""Binance"", ""score"": 0.0}, {""name"": ""Kraken"", ""score"": 0.0}]",False,0.20691072409695366,False
0xc3cc5fc3ad43fcf1a203265b7179076fa3fa9605,Coinbase,24.0,24.0,24.0,0.0027588426271921,0.000114951776133,0.000391071599136,5.0,434.3172222222222,4.8,Coinbase,Coinbase,1.0,"[{""name"": ""Coinbase"", ""score"": 1.0}, {""name"": ""Binance"", ""score"": 0.0}, {""name"": ""Kraken"", ""score"": 0.0}]",False,0.21830062172616155,False
0x0d87fad42f40b7e465ef45033d35990dede1570a,Coinbase,3.0,3.0,3.0,0.0013492614389959,0.0004497538129986,0.0003967233263541,2.0,333.75666666666666,1.5,Coinbase,Coinbase,1.0,"[{""name"": ""Coinbase"", ""score"": 1.0}, {""name"": ""Binance"", ""score"": 0.0}, {""name"": ""Kraken"", ""score"": 0.0}]",False,0.22563991047153298,False
0x731307f3b12cc56191ade83ea630a377d9a941f6,Coinbase,1000.0,1000.0,1000.0,302.880240776,0.302880240776,0.4419828274153153,43.0,316.71619212962963,23.25581395348837,Coinbase,Coinbase,0.7267,"[{""name"": ""Coinbase"", ""score"": 0.7267}, {""name"": ""Kraken"", ""score"": 0.1733}, {""name"": ""Binance"", ""score"": 0.1}]",False,0.21662320605821261,False
0x7c5fcf4a9ae8fb8570ddea073457c9855d9c1cf5,Coinbase,1000.0,1000.0,1000.0,11755.34283057,11.75534283057,29.03855456853486,9.0,14.89394675925926,111.11111111111111,Binance,Binance,0.8633,"[{""name"": ""Binance"", ""score"": 0.8633}, {""name"": ""Coinbase"", ""score"": 0.09}, {""name"": ""Kraken"", ""score"": 0.0467}]",False,0.19115328327124065,False
0xb82b1a1054d1318cd7d94f35968e7dc8d7745d7a,Coinbase,2.0,2.0,2.0,75000.00021,37500.000105,0.0001484924228703,1.0,0.0008101851851851,2.0,Coinbase,Coinbase,0.9633,"[{""name"": ""Coinbase"", ""score"": 0.9633}, {""name"": ""Kraken"", ""score"": 0.02}, {""name"": ""Binance"", ""score"": 0.0167}]",False,0.0758406162650711,False
0x37cb1d0367788046a6208e461f8f621154626359,Coinbase,1000.0,1000.0,1000.0,1000.9731200501916,1.0009731200501917,0.7657275641309405,173.0,181.0297800925926,5.780346820809249,Coinbase,Coinbase,0.6633,"[{""name"": ""Coinbase"", ""score"": 0.6633}, {""name"": ""Kraken"", ""score"": 0.19}, {""name"": ""Binance"", ""score"": 0.1467}]",False,0.2225644557588468,False
0xa9d1e08c7793af67e9d92fe308d5697fb81d3e43,Coinbase,1000.0,1000.0,1000.0,2596.0354611873586,2.5960354611873586,44.26551480159027,7.0,10.523877314814817,142.85714285714286,Binance,Binance,0.96,"[{""name"": ""Binance"", ""score"": 0.96}, {""name"": ""Coinbase"", ""score"": 0.0367}, {""name"": ""Kraken"", ""score"": 0.0033}]",False,0.19110884232251724,False
0xad3cf3909ad0cf4e9cb2eab0fbc61f1e90833cbb,Coinbase,1000.0,1000.0,1000.0,4093.5647910599455,4.093564791059946,9.77505979315312,33.0,31.99615740740741,30.303030303030305,Binance,UNKNOWN,0.45,"[{""name"": ""Binance"", ""score"": 0.45}, {""name"": ""Coinbase"", ""score"": 0.4267}, {""name"": ""Kraken"", ""score"": 0.1233}]",True,0.21898728526302896,False
0x9e91e341d2c4342f74d142896c4407e65def0c68,Coinbase,1000.0,1000.0,1000.0,144.51696845404192,0.1445169684540419,0.146345002616529,545.0,691.9361689814815,1.834862385321101,Coinbase,Coinbase,0.9133,"[{""name"": ""Coinbase"", ""score"": 0.9133}, {""name"": ""Kraken"", ""score"": 0.0833}, {""name"": ""Binance"", ""score"": 0.0033}]",False,0.13788316908831155,False
0x71c35d3ce7cdc7855ec9d4ea0dd0abba91176ed1,Coinbase,3.0,3.0,3.0,0.0018156400508305,0.0006052133502768,0.0005321743579217,2.0,332.1816666666667,1.5,Coinbase,Coinbase,1.0,"[{""name"": ""Coinbase"", ""score"": 1.0}, {""name"": ""Binance"", ""score"": 0.0}, {""name"": ""Kraken"", ""score"": 0.0}]",False,0.2257691314438372,False
0xa6c7f0f4da642d8b95422753e65ee3c6165826a3,Coinbase,36.0,36.0,36.0,0.0005,1.388888888888889e-05,8.333333333333334e-05,6.0,90.17805555555556,6.0,Coinbase,Coinbase,0.8533,"[{""name"": ""Coinbase"", ""score"": 0.8533}, {""name"": ""Binance"", ""score"": 0.11}, {""name"": ""Kraken"", ""score"": 0.0367}]",False,0.20751381250543688,False
0x47d43ac7eea761c4959b2a4318e620603be7fd4f,Coinbase,0.0,0.0,0.0,0.0,0.0,0.0,0.0,0.0,0.0,Coinbase,UNKNOWN,0.7414,"[{""name"": ""Coinbase"", ""score"": 0.7414}, {""name"": ""Kraken"", ""score"": 0.2586}, {""name"": ""Binance"", ""score"": 0.0}]",True,0.21532009827519416,True
0x2f04879b1f1cfc4a8ac7574c78684ed18da45dd0,Coinbase,3.0,3.0,3.0,0.0023022119019488,0.0007674039673162,0.0006719089742831,2.0,354.11541666666665,1.5,Coinbase,Coinbase,0.98,"[{""name"": ""Coinbase"", ""score"": 0.98}, {""name"": ""Kraken"", ""score"": 0.02}, {""name"": ""Binance"", ""score"": 0.0}]",False,0.22586015676169569,False
0x3c1984f10cc306de7c3a8767a8aafcc0944bf5db,Coinbase,3.0,3.0,3.0,0.001343820694633,0.0004479402315443,0.0003957092772898,2.0,384.05125,1.5,Coinbase,Coinbase,1.0,"[{""name"": ""Coinbase"", ""score"": 1.0}, {""name"": ""Binance"", ""score"": 0.0}, {""name"": ""Kraken"", ""score"": 0.0}]",False,0.22465731503928987,False
0x3c070dceac7f99aec493de5b56619d71fa31e131,Coinbase,24.0,24.0,24.0,0.0028111264024363,0.0001171302667681,0.0003978083686426,4.0,382.0969444444444,6.0,Coinbase,Coinbase,0.9967,"[{""name"": ""Coinbase"", ""score"": 0.9967}, {""name"": ""Binance"", ""score"": 0.0033}, {""name"": ""Kraken"", ""score"": 0.0}]",False,0.21936039916383349,False
0x7ead3a4361bd26a20deb89c9470be368ee9cb6f1,Coinbase,67.0,67.0,67.0,264865.0756286831,3953.2100840101953,15980.052734834517,16.0,2177.367326388889,4.1875,Coinbase,Coinbase,0.9433,"[{""name"": ""Coinbase"", ""score"": 0.9433}, {""name"": ""Kraken"", ""score"": 0.0367}, {""name"": ""Binance"", ""score"": 0.02}]",False,0.08571735198938513,False
0x335ec2eaf64526bc8bba5030459ed703b71b1c03,Coinbase,1000.0,1000.0,1000.0,111.06069920245436,0.1110606992024543,0.0475182559312723,427.0,448.2806365740741,2.34192037470726,Coinbase,Coinbase,0.9967,"[{""name"": ""Coinbase"", ""score"": 0.9967}, {""name"": ""Kraken"", ""score"": 0.0033}, {""name"": ""Binance"", ""score"": 0.0}]",False,0.19818682698416962,False
0x34cbd2bf0c0b89af3b66ea44f62554bb656b3ad1,Coinbase,1000.0,1000.0,1000.0,98.6649072741785,0.0986649072741785,0.0775047580374585,411.0,413.3017708333333,2.4330900243309004,Coinbase,Coinbase,0.93,"[{""name"": ""Coinbase"", ""score"": 0.93}, {""name"": ""Kraken"", ""score"": 0.07}, {""name"": ""Binance"", ""score"": 0.0}]",False,0.20217833183996664,False
0xa86309988947559b6e72ef716c5058f479386c0f,Coinbase,1000.0,1000.0,1000.0,226.93040273041447,0.2269304027304144,3.702583390787497,51.0,71.07086805555555,19.607843137254903,Kraken,Kraken,0.66,"[{""name"": ""Kraken"", ""score"": 0.66}, {""name"": ""Coinbase"", ""score"": 0.2733}, {""name"": ""Binance"", ""score"": 0.0667}]",False,0.2324665318826779,False
0x55e6513dbcdd1dcaf4c6710ac423c698a56eb68a,Coinbase,0.0,0.0,0.0,0.0,0.0,0.0,0.0,0.0,0.0,Coinbase,UNKNOWN,0.7302,"[{""name"": ""Coinbase"", ""score"": 0.7302}, {""name"": ""Kraken"", ""score"": 0.2698}, {""name"": ""Binance"", ""score"": 0.0}]",True,0.21532009827519416,True
0x0d5b6b2c9b501bbef36d2d8198172c5bd83280e6,Coinbase,1.0,1.0,1.0,0.00074489,0.00074489,0.0,1.0,0.0,1.0,Coinbase,Coinbase,0.9424,"[{""name"": ""Coinbase"", ""score"": 0.9424}, {""name"": ""Kraken"", ""score"": 0.0576}, {""name"": ""Binance"", ""score"": 0.0}]",False,0.2201435673674016,False
0x93745feeb3c42f6ab0f9890cbce65b360145b4ab,Coinbase,1000.0,1000.0,1000.0,17.916494314,0.017916494314,0.0377771868434473,179.0,556.0459375,5.58659217877095,Coinbase,Coinbase,0.91,"[{""name"": ""Coinbase"", ""score"": 0.91}, {""name"": ""Kraken"", ""score"": 0.09}, {""name"": ""Binance"", ""score"": 0.0}]",False,0.21992342342807925,False
0x7830c87c02e56aff27fa8ab1241711331fa86f43,Coinbase,1000.0,1000.0,1000.0,10.0,0.01,0.316227766016838,7.0,10.64585648148148,142.85714285714286,Binance,Binance,0.6567,"[{""name"": ""Binance"", ""score"": 0.6567}, {""name"": ""Kraken"", ""score"": 0.24}, {""name"": ""Coinbase"", ""score"": 0.1033}]",False,0.2029959359397665,False
0x7fe81abf17890ff0f010a6086a63d90d3ed81efe,Coinbase,1.0,1.0,1.0,0.0004807742916952,0.0004807742916952,0.0,1.0,0.0,1.0,Coinbase,Coinbase,0.9959,"[{""name"": ""Coinbase"", ""score"": 0.9959}, {""name"": ""Kraken"", ""score"": 0.0041}, {""name"": ""Binance"", ""score"": 0.0}]",False,0.22038445021311293,False
0xe7ee701bdaa5b446c985bfecc8933f3e5eeed867,Coinbase,0.0,0.0,0.0,0.0,0.0,0.0,0.0,0.0,0.0,Coinbase,UNKNOWN,0.7302,"[{""name"": ""Coinbase"", ""score"": 0.7302}, {""name"": ""Kraken"", ""score"": 0.2698}, {""name"": ""Binance"", ""score"": 0.0}]",True,0.21532009827519416,True
0xf45a300a5b7b3099ae11673559a6a81656b5dba4,Coinbase,2.0,2.0,2.0,0.0005,0.00025,0.0003535533905932,1.0,0.0009722222222222,2.0,Coinbase,Coinbase,1.0,"[{""name"": ""Coinbase"", ""score"": 1.0}, {""name"": ""Binance"", ""score"": 0.0}, {""name"": ""Kraken"", ""score"": 0.0}]",False,0.21764337907437104,False
0xa2b57dd51c464e863a5efc70c8116ec46791e38f,Coinbase,0.0,0.0,0.0,0.0,0.0,0.0,0.0,0.0,0.0,Coinbase,UNKNOWN,0.7086,"[{""name"": ""Coinbase"", ""score"": 0.7086}, {""name"": ""Kraken"", ""score"": 0.2914}, {""name"": ""Binance"", ""score"": 0.0}]",True,0.21532009827519416,True
0x07837cebe3e35d2bd176bef88b537cb2fda6ace8,Coinbase,1000.0,1000.0,1000.0,89.04481470245936,0.0890448147024593,0.0973183634333399,231.0,272.6354398148148,4.329004329004329,Coinbase,Coinbase,0.72,"[{""name"": ""Coinbase"", ""score"": 0.72}, {""name"": ""Kraken"", ""score"": 0.2733}, {""name"": ""Binance"", ""score"": 0.0067}]",False,0.22852245656684855,False
0x2bc7c910c3ff28c2725128078ecc6412638de45b,Coinbase,1000.0,1000.0,1000.0,115.67448910631325,0.1156744891063132,0.0638011616609155,592.0,1017.2585763888889,1.6891891891891893,Coinbase,Coinbase,0.8233,"[{""name"": ""Coinbase"", ""score"": 0.8233}, {""name"": ""Kraken"", ""score"": 0.1}, {""name"": ""Binance"", ""score"": 0.0767}]",False,0.09859956976029516,False
0x3eb9845b9c8f835ad130456f8dab6aef79af5272,Coinbase,1.0,1.0,1.0,0.0010291604003004,0.0010291604003004,0.0,1.0,0.0,1.0,Coinbase,Coinbase,0.9904,"[{""name"": ""Coinbase"", ""score"": 0.9904}, {""name"": ""Kraken"", ""score"": 0.0096}, {""name"": ""Binance"", ""score"": 0.0}]",False,0.21991178770867426,False
0xb042a4d45861d1a03d6a35903934614c5e372180,Coinbase,3.0,3.0,3.0,0.0018192910085532,0.0006064303361844,0.0005328998492972,2.0,378.69458333333336,1.5,Coinbase,Coinbase,1.0,"[{""name"": ""Coinbase"", ""score"": 1.0}, {""name"": ""Binance"", ""score"": 0.0}, {""name"": ""Kraken"", ""score"": 0.0}]",False,0.22465731503928987,False
0x6f46cf5569aefa1acc1009290c8e043747172d89,Coinbase,502.0,502.0,502.0,3020131.283840294,6016.19777657429,67309.24106604763,161.0,3208.39863425926,3.1180124223602483,Coinbase,UNKNOWN,0.5,"[{""name"": ""Coinbase"", ""score"": 0.5}, {""name"": ""Binance"", ""score"": 0.3867}, {""name"": ""Kraken"", ""score"": 0.1133}]",True,-0.09994036868136547,True
0xe0b50a87ae35e3f7a87f1c3904d53bd93d29f1d1,Coinbase,2.0,2.0,2.0,32236.47300022552,16118.236500112758,22794.627210827734,2.0,1224.04125,1.0,Coinbase,Coinbase,0.6833,"[{""name"": ""Coinbase"", ""score"": 0.6833}, {""name"": ""Kraken"", ""score"": 0.2867}, {""name"": ""Binance"", ""score"": 0.03}]",False,0.07077105303814435,False
0xd839c179a4606f46abd7a757f7bb77d7593ae249,Coinbase,1.0,1.0,1.0,5.123456789e-06,5.123456789e-06,0.0,1.0,0.0,1.0,Coinbase,UNKNOWN,0.529,"[{""name"": ""Coinbase"", ""score"": 0.529}, {""name"": ""Kraken"", ""score"": 0.471}, {""name"": ""Binance"", ""score"": 0.0}]",True,0.22054436909621128,False
0xa4ffe11ec05b066d87762bc03f6b6728ab16811f,Coinbase,6.0,6.0,6.0,56378.015572828255,9396.335928804709,11446.806800484492,3.0,1260.591111111111,2.0,Coinbase,Coinbase,0.65,"[{""name"": ""Coinbase"", ""score"": 0.65}, {""name"": ""Kraken"", ""score"": 0.2633}, {""name"": ""Binance"", ""score"": 0.0867}]",False,0.09767122440498865,False
0xca3ac4f946b997db24515a7ae7779f2e587d5a26,Coinbase,1000.0,1000.0,1000.0,520485.1476790285,520.4851476790285,1384.005365046934,21.0,36.14158564814815,47.61904761904762,Kraken,UNKNOWN,0.5733,"[{""name"": ""Kraken"", ""score"": 0.5733}, {""name"": ""Coinbase"", ""score"": 0.2567}, {""name"": ""Binance"", ""score"": 0.17}]",True,0.10248365658823039,False
0x2a877632b49b017ce17c771d692af1d3442b36ae,Coinbase,1000.0,1000.0,1000.0,0.6351864180414174,0.0006351864180414,0.0001665669186585,1.0,0.0067013888888888,1000.0,Coinbase,Coinbase,0.8033,"[{""name"": ""Coinbase"", ""score"": 0.8033}, {""name"": ""Kraken"", ""score"": 0.1533}, {""name"": ""Binance"", ""score"": 0.0433}]",False,0.06862591701509224,False
0x09bd4daa146dd9f03f0f955c429e4e1b388e3fd5,Coinbase,23.0,23.0,23.0,0.0023021650731871,0.0001000941336168,0.000332969976997,4.0,382.11625,5.75,Coinbase,Coinbase,1.0,"[{""name"": ""Coinbase"", ""score"": 1.0}, {""name"": ""Binance"", ""score"": 0.0}, {""name"": ""Kraken"", ""score"": 0.0}]",False,0.22138563202382672,False
0x81257264ace1e9923cf87e58176987d0b4fe0892,Coinbase,1000.0,1000.0,1000.0,114.0409624339772,0.1140409624339771,0.1522069450140199,501.0,821.3909259259259,1.996007984031936,Coinbase,Coinbase,0.8333,"[{""name"": ""Coinbase"", ""score"": 0.8333}, {""name"": ""Kraken"", ""score"": 0.1633}, {""name"": ""Binance"", ""score"": 0.0033}]",False,0.152282894469441,False
0x5ca6488ecf405ad272275fabdf493fbce609764f,Coinbase,2.0,2.0,2.0,0.0005,0.00025,0.0003535533905932,1.0,0.0009722222222222,2.0,Coinbase,Coinbase,1.0,"[{""name"": ""Coinbase"", ""score"": 1.0}, {""name"": ""Binance"", ""score"": 0.0}, {""name"": ""Kraken"", ""score"": 0.0}]",False,0.21764337907437104,False
0xd451e3919950963e9c1ca2f78a987dbd7937c0fb,Coinbase,1.0,1.0,1.0,0.0001998842403882,0.0001998842403882,0.0,1.0,0.0,1.0,Kraken,UNKNOWN,0.5902,"[{""name"": ""Kraken"", ""score"": 0.5902}, {""name"": ""Coinbase"", ""score"": 0.4098}, {""name"": ""Binance"", ""score"": 0.0}]",True,0.22053012733392258,False
0x31c937157efa4c7b7390571f01b476922e43b10a,Coinbase,3.0,3.0,3.0,0.0013628478939236,0.0004542826313078,0.0003993522341008,2.0,333.47194444444443,1.5,Coinbase,Coinbase,1.0,"[{""name"": ""Coinbase"", ""score"": 1.0}, {""name"": ""Binance"", ""score"": 0.0}, {""name"": ""Kraken"", ""score"": 0.0}]",False,0.22563991047153298,False
0xba594c942110627675322cf994cbffa5b3b07451,Coinbase,1000.0,1000.0,1000.0,72.6517,0.0726517,0.0691235016840772,112.0,150.79408564814815,8.928571428571429,Coinbase,Coinbase,0.91,"[{""name"": ""Coinbase"", ""score"": 0.91}, {""name"": ""Kraken"", ""score"": 0.0867}, {""name"": ""Binance"", ""score"": 0.0033}]",False,0.2311817271515224,False
0x36b0ca172da5a33201efdc398acf9dde8f29d69a,Coinbase,1000.0,1000.0,1000.0,3391239.837767786,3391.239837767786,5213.5255697875145,108.0,448.7885532407407,9.25925925925926,Kraken,Kraken,0.63,"[{""name"": ""Kraken"", ""score"": 0.63}, {""name"": ""Coinbase"", ""score"": 0.2067}, {""name"": ""Binance"", ""score"": 0.1633}]",False,-0.023452309125345572,True
0x38024b883c72f23d6d6c1f3f869034e849e8b121,Coinbase,209.0,209.0,209.0,1345048.658000579,6435.639511964493,46380.175159928025,3.0,1.588645833333333,69.66666666666667,Coinbase,Coinbase,0.7533,"[{""name"": ""Coinbase"", ""score"": 0.7533}, {""name"": ""Kraken"", ""score"": 0.2233}, {""name"": ""Binance"", ""score"": 0.0233}]",False,-0.009405424041412869,True
0x73183c36e0ca0647e1ee2764b9024033bc5483c3,Coinbase,3.0,3.0,3.0,0.0046253966430996,0.0015417988810332,0.0013483099647027,2.0,368.2043055555556,1.5,Coinbase,Coinbase,0.98,"[{""name"": ""Coinbase"", ""score"": 0.98}, {""name"": ""Kraken"", ""score"": 0.02}, {""name"": ""Binance"", ""score"": 0.0}]",False,0.22468012441565993,False
0x48f86ae9f2f8b21e49f5b98cc4066fb421a39ab0,Coinbase,3.0,3.0,3.0,0.00129492,0.00043164,0.0003876200056756,2.0,337.8495833333333,1.5,Coinbase,Coinbase,1.0,"[{""name"": ""Coinbase"", ""score"": 1.0}, {""name"": ""Binance"", ""score"": 0.0}, {""name"": ""Kraken"", ""score"": 0.0}]",False,0.22563991047153298,False
0x804cbb1fe6d4152059b0336f9e62b5d118d9c608,Coinbase,1000.0,1000.0,1000.0,22.71571226625,0.02271571226625,0.0592363204718572,52.0,87.23188657407407,19.23076923076923,Coinbase,Coinbase,0.98,"[{""name"": ""Coinbase"", ""score"": 0.98}, {""name"": ""Kraken"", ""score"": 0.02}, {""name"": ""Binance"", ""score"": 0.0}]",False,0.23181273532451524,False
0xbf5501587128acee17a0b0e7774aa2c954a343e2,Coinbase,1000.0,1000.0,1000.0,255.8380541128577,0.2558380541128577,0.1459748464188479,356.0,456.9015972222222,2.808988764044944,Coinbase,Coinbase,0.8267,"[{""name"": ""Coinbase"", ""score"": 0.8267}, {""name"": ""Kraken"", ""score"": 0.1733}, {""name"": ""Binance"", ""score"": 0.0}]",False,0.20728608793198988,False
0xbe3c68821d585cf1552214897a1c091014b1eb0a,Coinbase,1000.0,1000.0,1000.0,0.5,0.0005,0.0158113883008419,59.0,1406.8691319444445,16.949152542372882,Binance,UNKNOWN,0.5733,"[{""name"": ""Binance"", ""score"": 0.5733}, {""name"": ""Kraken"", ""score"": 0.2567}, {""name"": ""Coinbase"", ""score"": 0.17}]",True,0.14249017607087905,False
0x0b44611b8ae632be05f24ffe64651f050402ae01,Coinbase,1000.0,1000.0,1000.0,7.042290727941713,0.0070422907279417,0.0483859359127895,2.0,18.49153935185185,500.0,Coinbase,Coinbase,0.7167,"[{""name"": ""Coinbase"", ""score"": 0.7167}, {""name"": ""Kraken"", ""score"": 0.1933}, {""name"": ""Binance"", ""score"": 0.09}]",False,0.10612580495097113,False
0x14af92363379f3548958f9de1fb2e6e5df74476e,Coinbase,0.0,0.0,0.0,0.0,0.0,0.0,0.0,0.0,0.0,Coinbase,UNKNOWN,0.7086,"[{""name"": ""Coinbase"", ""score"": 0.7086}, {""name"": ""Kraken"", ""score"": 0.2914}, {""name"": ""Binance"", ""score"": 0.0}]",True,0.21532009827519416,True
0x417404de28e4b3d75a2340ff95a749b84deddc6f,Coinbase,1000.0,1000.0,1000.0,53.53968844799998,0.0535396884479999,0.0711742923354385,84.0,130.7136342592593,11.904761904761903,Coinbase,Coinbase,0.9167,"[{""name"": ""Coinbase"", ""score"": 0.9167}, {""name"": ""Kraken"", ""score"": 0.0833}, {""name"": ""Binance"", ""score"": 0.0}]",False,0.23420242716116785,False
0x069d07e9ff579c9c478af4878fcb87f17bf2733f,Coinbase,1000.0,1000.0,1000.0,61.92688782,0.06192688782,0.0773950211514142,49.0,107.7679050925926,20.40816326530612,Coinbase,Coinbase,0.9067,"[{""name"": ""Coinbase"", ""score"": 0.9067}, {""name"": ""Kraken"", ""score"": 0.05}, {""name"": ""Binance"", ""score"": 0.0433}]",False,0.2296763635230698,False
0xedc7001e99a37c3d23b5f7974f837387e09f9c93,Coinbase,1000.0,1000.0,1000.0,103908.02987032315,103.90802987032316,320.276280766542,32.0,52.11813657407407,31.25,Coinbase,Coinbase,0.65,"[{""name"": ""Coinbase"", ""score"": 0.65}, {""name"": ""Binance"", ""score"": 0.21}, {""name"": ""Kraken"", ""score"": 0.14}]",False,0.17831916098901224,False
0x7ed53f6e3de6b2b4156fa8e618506e60d8e65843,Coinbase,3.0,3.0,3.0,0.0008243462231868,0.0002747820743956,1.713260045295834e-05,2.0,28.845277777777778,1.5,Coinbase,Coinbase,0.9833,"[{""name"": ""Coinbase"", ""score"": 0.9833}, {""name"": ""Kraken"", ""score"": 0.0167}, {""name"": ""Binance"", ""score"": 0.0}]",False,0.2203016365155971,False
0x211b8d2eb72dbb6382bf08acd1328099f962ff6f,Coinbase,1000.0,1000.0,1000.0,87.86165804262855,0.0878616580426285,0.0376306086133877,258.0,270.03270833333335,3.875968992248062,Coinbase,Coinbase,0.99,"[{""name"": ""Coinbase"", ""score"": 0.99}, {""name"": ""Kraken"", ""score"": 0.01}, {""name"": ""Binance"", ""score"": 0.0}]",False,0.2255780176430755,False
0x90e18a6920985dbacc3d76cf27a3f2131923c720,Coinbase,1000.0,1000.0,1000.0,13.101760252731111,0.0131017602527311,0.0219873929937528,46.0,45.77207175925926,21.73913043478261,Coinbase,Coinbase,0.8533,"[{""name"": ""Coinbase"", ""score"": 0.8533}, {""name"": ""Kraken"", ""score"": 0.0767}, {""name"": ""Binance"", ""score"": 0.07}]",False,0.22980825745852962,False
0x33ae106bc06effa33e6db5813b619710f2dfb5d4,Coinbase,0.0,0.0,0.0,0.0,0.0,0.0,0.0,0.0,0.0,Coinbase,UNKNOWN,0.7086,"[{""name"": ""Coinbase"", ""score"": 0.7086}, {""name"": ""Kraken"", ""score"": 0.2914}, {""name"": ""Binance"", ""score"": 0.0}]",True,0.21532009827519416,True
0x5ffc99b5b23c5ab8f463f6090342879c286a29be,Coinbase,193.0,193.0,193.0,1104048.3102920451,5720.457566280026,39632.32679999519,16.0,470.9454861111111,12.0625,Coinbase,Coinbase,0.81,"[{""name"": ""Coinbase"", ""score"": 0.81}, {""name"": ""Kraken"", ""score"": 0.1567}, {""name"": ""Binance"", ""score"": 0.0333}]",False,0.04246505511089571,False
0x7aa85c264a613925a756a9d901c31c7e25979537,Coinbase,1000.0,1000.0,1000.0,96.21231196365756,0.0962123119636575,0.169663802879658,291.0,295.78239583333334,3.436426116838488,Kraken,UNKNOWN,0.59,"[{""name"": ""Kraken"", ""score"": 0.59}, {""name"": ""Coinbase"", ""score"": 0.3667}, {""name"": ""Binance"", ""score"": 0.0433}]",True,0.21955695612234233,False
0xceb69f6342ece283b2f5c9088ff249b5d0ae66ea,Coinbase,1000.0,1000.0,993.0,107066.4867679932,107.0664867679932,478.67953966274695,120.0,222.49065972222223,8.333333333333334,Binance,Binance,0.7833,"[{""name"": ""Binance"", ""score"": 0.7833}, {""name"": ""Coinbase"", ""score"": 0.13}, {""name"": ""Kraken"", ""score"": 0.0867}]",False,0.17263021123433686,False
0x48ffe213fa4c657c3d534d586a95ea33549dd142,Coinbase,1000.0,1000.0,1000.0,76.834540608,0.076834540608,0.1940358931803034,8.0,6.942314814814814,125.0,Kraken,UNKNOWN,0.4167,"[{""name"": ""Kraken"", ""score"": 0.4167}, {""name"": ""Coinbase"", ""score"": 0.41}, {""name"": ""Binance"", ""score"": 0.1733}]",True,0.20837341112550484,False
0x760dce7ea6e8ba224bffbeb8a7ff4dd1ef122bff,Coinbase,0.0,0.0,0.0,0.0,0.0,0.0,0.0,0.0,0.0,Coinbase,UNKNOWN,0.6798,"[{""name"": ""Coinbase"", ""score"": 0.6798}, {""name"": ""Kraken"", ""score"": 0.3202}, {""name"": ""Binance"", ""score"": 0.0}]",True,0.21532009827519416,True
0x6ad18dd6682e99b0201a3b18f403ae566a51ce28,Coinbase,1000.0,1000.0,1000.0,11841.61731581,11.84161731581,91.97183901269896,13.0,375.0156828703704,76.92307692307692,Binance,Binance,0.63,"[{""name"": ""Binance"", ""score"": 0.63}, {""name"": ""Coinbase"", ""score"": 0.3467}, {""name"": ""Kraken"", ""score"": 0.0233}]",False,0.17157960115456972,False
0x0a74db66f8248554d406832e305555043fe3bfd7,Coinbase,22.0,22.0,22.0,0.0005,2.272727272727273e-05,0.0001066003581778,3.0,179.84125,7.333333333333333,Coinbase,Coinbase,1.0,"[{""name"": ""Coinbase"", ""score"": 1.0}, {""name"": ""Binance"", ""score"": 0.0}, {""name"": ""Kraken"", ""score"": 0.0}]",False,0.21203814803074644,False
0xe1597df1f0e1920f7a296cef27babb40baeeabfc,Coinbase,0.0,0.0,0.0,0.0,0.0,0.0,0.0,0.0,0.0,Coinbase,UNKNOWN,0.6798,"[{""name"": ""Coinbase"", ""score"": 0.6798}, {""name"": ""Kraken"", ""score"": 0.3202}, {""name"": ""Binance"", ""score"": 0.0}]",True,0.21532009827519416,True
0x80cf6275294bddce597789c855691cf4cdf01386,Coinbase,24.0,24.0,24.0,0.0018448887825306,7.6870365938775e-05,0.0002614358162995,4.0,382.1177777777778,6.0,Coinbase,Coinbase,1.0,"[{""name"": ""Coinbase"", ""score"": 1.0}, {""name"": ""Binance"", ""score"": 0.0}, {""name"": ""Kraken"", ""score"": 0.0}]",False,0.21945155833784485,False
0xc7bf35c9a3bdd1b1c19a6963de669cb45191a019,Coinbase,1000.0,1000.0,1000.0,1128607.9904036976,1128.6079904036976,3474.840775150679,38.0,74.67430555555555,26.31578947368421,Kraken,Kraken,0.6467,"[{""name"": ""Kraken"", ""score"": 0.6467}, {""name"": ""Coinbase"", ""score"": 0.2467}, {""name"": ""Binance"", ""score"": 0.1067}]",False,0.054739110964797666,False
0x35aa5495f0d686fbb8318abeb5e42ec1da9bb0ce,Coinbase,20.0,20.0,20.0,0.0005,2.5e-05,0.0001118033988749,3.0,19.88736111111111,6.666666666666667,Coinbase,Coinbase,0.9967,"[{""name"": ""Coinbase"", ""score"": 0.9967}, {""name"": ""Kraken"", ""score"": 0.0033}, {""name"": ""Binance"", ""score"": 0.0}]",False,0.2083724251922507,False
0x114c5be8151419fd30048299836d6685f5535884,Coinbase,2.0,2.0,2.0,0.0005,0.00025,0.0003535533905932,1.0,0.0020833333333333,2.0,Coinbase,Coinbase,1.0,"[{""name"": ""Coinbase"", ""score"": 1.0}, {""name"": ""Binance"", ""score"": 0.0}, {""name"": ""Kraken"", ""score"": 0.0}]",False,0.21737590584570504,False
0x7c195d981abfdc3ddecd2ca0fed0958430488e34,Coinbase,1000.0,1000.0,1000.0,16.053344031,0.016053344031,0.2932977745536126,13.0,11.646192129629627,76.92307692307692,Coinbase,UNKNOWN,0.4,"[{""name"": ""Coinbase"", ""score"": 0.4}, {""name"": ""Binance"", ""score"": 0.3667}, {""name"": ""Kraken"", ""score"": 0.2333}]",True,0.2122972976128048,False
0x3d2e397f94e415d7773e72e44d5b5338a99e77d9,Coinbase,82.0,82.0,82.0,672524.3538875985,8201.516510824373,74267.89072118972,3.0,735.3524652777778,27.33333333333333,Coinbase,Coinbase,0.9433,"[{""name"": ""Coinbase"", ""score"": 0.9433}, {""name"": ""Kraken"", ""score"": 0.0467}, {""name"": ""Binance"", ""score"": 0.01}]",False,0.0024766804654935415,False
0x69b90c1d460f9e263a43272564892c00eb040962,Coinbase,1.0,1.0,1.0,0.0068757224980282,0.0068757224980282,0.0,1.0,0.0,1.0,Coinbase,Coinbase,0.9871,"[{""name"": ""Coinbase"", ""score"": 0.9871}, {""name"": ""Kraken"", ""score"": 0.0129}, {""name"": ""Binance"", ""score"": 0.0}]",False,0.21855358624121468,False
0xcf63fc571adcec4fd4a750ecacc3af1f5b748101,Coinbase,4.0,4.0,4.0,1e-09,2.5e-10,5e-10,3.0,637.0069444444445,1.3333333333333333,Coinbase,Coinbase,0.8663,"[{""name"": ""Coinbase"", ""score"": 0.8663}, {""name"": ""Kraken"", ""score"": 0.1137}, {""name"": ""Binance"", ""score"": 0.02}]",False,0.2125452458367551,False
0xad7be7ab77e4e3ef9c18df32d2f71c98d715f129,Coinbase,1000.0,1000.0,1000.0,114.39204330056668,0.1143920433005666,0.0746264004806554,506.0,806.0479398148149,1.976284584980237,Coinbase,Coinbase,0.98,"[{""name"": ""Coinbase"", ""score"": 0.98}, {""name"": ""Kraken"", ""score"": 0.02}, {""name"": ""Binance"", ""score"": 0.0}]",False,0.1527877932717039,False
0xc141279e7168984c99dbc079a86d18605c30901e,Coinbase,1000.0,1000.0,1000.0,260.2315273335531,0.2602315273335531,0.1676027165686486,341.0,382.6392476851852,2.932551319648094,Coinbase,Coinbase,0.8533,"[{""name"": ""Coinbase"", ""score"": 0.8533}, {""name"": ""Kraken"", ""score"": 0.14}, {""name"": ""Binance"", ""score"": 0.0067}]",False,0.21188462107216355,False
0xbc1373482071bec7421699d3a9a5a0e6066470e9,Coinbase,2.0,2.0,2.0,0.0005,0.00025,0.0003535533905932,1.0,0.0015277777777777,2.0,Coinbase,Coinbase,1.0,"[{""name"": ""Coinbase"", ""score"": 1.0}, {""name"": ""Binance"", ""score"": 0.0}, {""name"": ""Kraken"", ""score"": 0.0}]",False,0.2175396229699012,False
0x54d4f4932a68c8f90806c09518d7b5a4f8d36e73,Coinbase,1000.0,1000.0,1000.0,59.458180354,0.059458180354,0.0674080478364962,53.0,104.2900925925926,18.867924528301888,Coinbase,Coinbase,0.9667,"[{""name"": ""Coinbase"", ""score"": 0.9667}, {""name"": ""Kraken"", ""score"": 0.0333}, {""name"": ""Binance"", ""score"": 0.0}]",False,0.23160428755331836,False
0xd58fbd9ed67bd84dd8154761147173b52ed55308,Coinbase,566.0,566.0,566.0,79.79711536009785,0.1409843027563566,0.1556060369510807,328.0,908.4065162037036,1.725609756097561,Coinbase,Coinbase,0.63,"[{""name"": ""Coinbase"", ""score"": 0.63}, {""name"": ""Kraken"", ""score"": 0.3533}, {""name"": ""Binance"", ""score"": 0.0167}]",False,0.12448262728314857,False
0x452746603bcdbd77b3789c0ec1bea316aafc9f8f,Coinbase,0.0,0.0,0.0,0.0,0.0,0.0,0.0,0.0,0.0,Coinbase,UNKNOWN,0.7414,"[{""name"": ""Coinbase"", ""score"": 0.7414}, {""name"": ""Kraken"", ""score"": 0.2586}, {""name"": ""Binance"", ""score"": 0.0}]",True,0.21532009827519416,True
0xb5d85cbf7cb3ee0d56b3bb207d5fc4b82f43f511,Coinbase,1000.0,1000.0,1000.0,1565.2184023719085,1.5652184023719085,20.3909438370439,4.0,2.223877314814815,250.0,Binance,UNKNOWN,0.5033,"[{""name"": ""Binance"", ""score"": 0.5033}, {""name"": ""Coinbase"", ""score"": 0.4733}, {""name"": ""Kraken"", ""score"": 0.0233}]",True,0.17094157652381686,False
0x28e71d0b7f7f29106a1be2a5b289cab331e7b56f,Coinbase,1000.0,1000.0,1000.0,138.60685634,0.13860685634,0.2807729316784697,64.0,70.39571759259259,15.625,Coinbase,Coinbase,0.6633,"[{""name"": ""Coinbase"", ""score"": 0.6633}, {""name"": ""Kraken"", ""score"": 0.3067}, {""name"": ""Binance"", ""score"": 0.03}]",False,0.23406907544574013,False
0xdc3937008ff58f991e97e218e0aeaf9e9374a48a,Coinbase,1000.0,1000.0,1000.0,12961.79894308,12.961798943080002,19.387139222132667,70.0,207.4890856481481,14.285714285714286,Binance,UNKNOWN,0.5533,"[{""name"": ""Binance"", ""score"": 0.5533}, {""name"": ""Coinbase"", ""score"": 0.4067}, {""name"": ""Kraken"", ""score"": 0.04}]",True,0.2159691192326938,False
0x18701bc17d54b38b71023b0510f9765985fdb53c,Coinbase,1000.0,1000.0,1000.0,63.95589836801913,0.0639558983680191,0.0507254924411118,508.0,661.2665625,1.968503937007874,Coinbase,Coinbase,0.97,"[{""name"": ""Coinbase"", ""score"": 0.97}, {""name"": ""Kraken"", ""score"": 0.03}, {""name"": ""Binance"", ""score"": 0.0}]",False,0.1538061446580068,False
0xb739d0895772dbb71a89a3754a160269068f0d45,Coinbase,1000.0,1000.0,1000.0,13.10014422,0.01310014422,0.2497614628522629,4.0,2.3043981481481484,250.0,Coinbase,Coinbase,0.9767,"[{""name"": ""Coinbase"", ""score"": 0.9767}, {""name"": ""Kraken"", ""score"": 0.02}, {""name"": ""Binance"", ""score"": 0.0033}]",False,0.17957106350302382,False
0x69e2f5cc36b788c35b4a8fb1a827f3fd32d62469,Coinbase,1000.0,1000.0,1000.0,246.1316996033248,0.2461316996033248,0.1329499985043202,414.0,461.1002083333333,2.415458937198068,Coinbase,Coinbase,0.9533,"[{""name"": ""Coinbase"", ""score"": 0.9533}, {""name"": ""Kraken"", ""score"": 0.0467}, {""name"": ""Binance"", ""score"": 0.0}]",False,0.1962099323433007,False
0xd09f4caee8b4b2a08008b8ba86a6076c4bad1142,Coinbase,1000.0,1000.0,1000.0,18.65283048091211,0.0186528304809121,0.2947453661743864,73.0,71.70138888888889,13.6986301369863,Kraken,UNKNOWN,0.5333,"[{""name"": ""Kraken"", ""score"": 0.5333}, {""name"": ""Coinbase"", ""score"": 0.3533}, {""name"": ""Binance"", ""score"": 0.1133}]",True,0.2329248310350418,False
0x88a8832f4fb9cd3c807d832f7618c779224254b7,Coinbase,23.0,23.0,23.0,0.0005,2.173913043478261e-05,0.0001042572070285,4.0,72.08791666666667,5.75,Coinbase,Coinbase,0.9933,"[{""name"": ""Coinbase"", ""score"": 0.9933}, {""name"": ""Kraken"", ""score"": 0.0067}, {""name"": ""Binance"", ""score"": 0.0}]",False,0.21519330523716534,False
0x0fde51251d436783f11970b3d16aec5cb0145cde,Coinbase,23.0,23.0,23.0,0.0027588426271921,0.0001199496794431,0.0003990763467211,5.0,434.31958333333336,4.6,Coinbase,Coinbase,1.0,"[{""name"": ""Coinbase"", ""score"": 1.0}, {""name"": ""Binance"", ""score"": 0.0}, {""name"": ""Kraken"", ""score"": 0.0}]",False,0.2189119217278248,False
0x8ce6fbd8fe08770087d98f929f07786417de5db5,Coinbase,22.0,22.0,22.0,0.0046862805216955,0.0002130127509861,0.0006911544866838,4.0,382.08416666666665,5.5,Coinbase,Coinbase,0.9967,"[{""name"": ""Coinbase"", ""score"": 0.9967}, {""name"": ""Kraken"", ""score"": 0.0033}, {""name"": ""Binance"", ""score"": 0.0}]",False,0.2221167228681537,False
0x28c5b0445d0728bc25f143f8eba5c5539fae151a,Coinbase,1000.0,1000.0,1000.0,4.7541480400000005,0.00475414804,0.020348783162479,137.0,397.3109490740741,7.299270072992701,Coinbase,UNKNOWN,0.5,"[{""name"": ""Coinbase"", ""score"": 0.5}, {""name"": ""Kraken"", ""score"": 0.4167}, {""name"": ""Binance"", ""score"": 0.0833}]",True,0.22503235421347595,False
0xabfe11c8b2f32b45110cf25f17677e844ff0fc08,Coinbase,2.0,2.0,2.0,75000.00021,37500.000105,0.0001484924228703,1.0,0.000324074074074,2.0,Coinbase,Coinbase,0.93,"[{""name"": ""Coinbase"", ""score"": 0.93}, {""name"": ""Kraken"", ""score"": 0.06}, {""name"": ""Binance"", ""score"": 0.01}]",False,0.07467770449098576,False
0x9dcaf485e72f812dee725ce64b6667a7a83f73dd,Coinbase,22.0,22.0,22.0,0.0057402346061266,0.0002609197548239,0.000845468173785,4.0,382.0177777777778,5.5,Coinbase,Coinbase,1.0,"[{""name"": ""Coinbase"", ""score"": 1.0}, {""name"": ""Binance"", ""score"": 0.0}, {""name"": ""Kraken"", ""score"": 0.0}]",False,0.2221167228681537,False
0x95a9bd206ae52c4ba8eecfc93d18eacdd41c88cc,Coinbase,1000.0,1000.0,1000.0,13.11808744,0.01311808744,0.2503978003617884,4.0,2.236296296296296,250.0,Coinbase,Coinbase,0.8867,"[{""name"": ""Coinbase"", ""score"": 0.8867}, {""name"": ""Binance"", ""score"": 0.09}, {""name"": ""Kraken"", ""score"": 0.0233}]",False,0.17957106350302382,False
0x898f293e97d59b375939ec3654ac548be2759d41,Coinbase,23.0,23.0,23.0,0.0013449724862923,5.847706462140852e-05,0.0001951505498618,4.0,382.11125,5.75,Coinbase,Coinbase,1.0,"[{""name"": ""Coinbase"", ""score"": 1.0}, {""name"": ""Binance"", ""score"": 0.0}, {""name"": ""Kraken"", ""score"": 0.0}]",False,0.22120429973128541,False
0xc2dd39847ea6052c5a91abd967676a7844973eb9,Coinbase,3.0,3.0,3.0,0.0022687265504255,0.0007562421834751,0.0006650552850477,2.0,333.2994444444444,1.5,Coinbase,Coinbase,1.0,"[{""name"": ""Coinbase"", ""score"": 1.0}, {""name"": ""Binance"", ""score"": 0.0}, {""name"": ""Kraken"", ""score"": 0.0}]",False,0.22563991047153298,False
0xb4807865a786e9e9e26e6a9610f2078e7fc507fb,Coinbase,21.0,21.0,21.0,1.4507230824242812,0.0690820515440134,0.2822045517831399,20.0,1090.2859722222222,1.05,Kraken,Kraken,0.6133,"[{""name"": ""Kraken"", ""score"": 0.6133}, {""name"": ""Coinbase"", ""score"": 0.2867}, {""name"": ""Binance"", ""score"": 0.1}]",False,0.17936103528638536,False
0x3c73ef921cfa5ce70831f360f978bd197f6a1771,Coinbase,1000.0,1000.0,1000.0,133.68785780322213,0.1336878578032221,0.1273626266053894,440.0,793.7255439814815,2.272727272727273,Coinbase,Coinbase,0.9167,"[{""name"": ""Coinbase"", ""score"": 0.9167}, {""name"": ""Kraken"", ""score"": 0.08}, {""name"": ""Binance"", ""score"": 0.0033}]",False,0.18324881580954994,False
0x9620e530995d4b497f16652419dbb60f7834010a,Coinbase,21.0,21.0,21.0,0.0005,2.380952380952381e-05,0.0001091089451179,3.0,130.7002777777778,7.0,Coinbase,Coinbase,0.99,"[{""name"": ""Coinbase"", ""score"": 0.99}, {""name"": ""Kraken"", ""score"": 0.0067}, {""name"": ""Binance"", ""score"": 0.0033}]",False,0.2115972505575755,False
0x05e3a758fdd29d28435019ac453297ea37b61b62,Coinbase,9.0,9.0,9.0,0.0689684061729721,0.0076631562414413,0.0123503330010736,8.0,618.7673611111111,1.125,Coinbase,Coinbase,0.7367,"[{""name"": ""Coinbase"", ""score"": 0.7367}, {""name"": ""Kraken"", ""score"": 0.1833}, {""name"": ""Binance"", ""score"": 0.08}]",False,0.2120390615517745,False
0x19ab546e77d0cd3245b2aad46bd80dc4707d6307,Coinbase,14.0,14.0,14.0,0.0061500000000002,0.0004392857142857,0.0016436566377614,5.0,406.44875,2.8,Coinbase,Coinbase,0.9667,"[{""name"": ""Coinbase"", ""score"": 0.9667}, {""name"": ""Kraken"", ""score"": 0.0333}, {""name"": ""Binance"", ""score"": 0.0}]",False,0.220498619419291,False
0x8c1323c2bc755030582c7f2d131c14296df8d30d,Coinbase,162.0,162.0,162.0,1116233.3584753214,6890.329373304453,43588.06256635077,2.0,54.11369212962963,81.0,Coinbase,Coinbase,0.6867,"[{""name"": ""Coinbase"", ""score"": 0.6867}, {""name"": ""Kraken"", ""score"": 0.2433}, {""name"": ""Binance"", ""score"": 0.07}]",False,-0.006119318143504526,True
0xa14d57f5ea867572b0d239798d2c1dde13153902,Coinbase,6.0,6.0,6.0,0.00538978,0.0008982966666666,0.0014593825434294,5.0,88.63583333333334,1.2,Coinbase,Coinbase,0.9467,"[{""name"": ""Coinbase"", ""score"": 0.9467}, {""name"": ""Kraken"", ""score"": 0.0533}, {""name"": ""Binance"", ""score"": 0.0}]",False,0.21893543768205004,False
0x4a797a6fa930118b9bc267911751241b8c514faa,Coinbase,6.0,6.0,6.0,969.7374815444851,161.62291359074752,155.5844342748658,5.0,7.042916666666667,1.2,Kraken,UNKNOWN,0.5933,"[{""name"": ""Kraken"", ""score"": 0.5933}, {""name"": ""Coinbase"", ""score"": 0.29}, {""name"": ""Binance"", ""score"": 0.1167}]",True,0.19284007014487015,False
0x503828976d22510aad0201ac7ec88293211d23da,Coinbase,1000.0,1000.0,1000.0,12.283805135,0.012283805135,0.2792506155451409,3.0,2.096828703703704,333.3333333333333,Coinbase,Coinbase,0.8933,"[{""name"": ""Coinbase"", ""score"": 0.8933}, {""name"": ""Binance"", ""score"": 0.0833}, {""name"": ""Kraken"", ""score"": 0.0233}]",False,0.16148187171029005,False
0xb0fa34c866e1e1e7030820b4f846bb58d6f75b04,Coinbase,2.0,2.0,2.0,0.0053535463269775,0.0026767731634887,1.6536661809464123e-05,2.0,299.82694444444445,1.0,Coinbase,Coinbase,0.9685,"[{""name"": ""Coinbase"", ""score"": 0.9685}, {""name"": ""Kraken"", ""score"": 0.0315}, {""name"": ""Binance"", ""score"": 0.0}]",False,0.22270986488657019,False
0x03e0e3190a815b1f7a6415fb9df042d45e0af501,Coinbase,24.0,24.0,24.0,0.0027680426271921,0.0001153351094663,0.0003922443562351,5.0,434.31138888888887,4.8,Coinbase,Coinbase,1.0,"[{""name"": ""Coinbase"", ""score"": 1.0}, {""name"": ""Binance"", ""score"": 0.0}, {""name"": ""Kraken"", ""score"": 0.0}]",False,0.21813724793362033,False
0x9a1ed80ebc9936cee2d3db944ee6bd8d407e7f9f,Coinbase,48.0,48.0,48.0,299999.9998293579,6249.999996444956,21954.930333500008,15.0,2685.749988425926,3.2,Coinbase,Coinbase,0.82,"[{""name"": ""Coinbase"", ""score"": 0.82}, {""name"": ""Kraken"", ""score"": 0.1533}, {""name"": ""Binance"", ""score"": 0.0267}]",False,0.04346955505936623,False
0xa3682fe8fd73b90a7564585a436ec2d2aeb612ee,Coinbase,0.0,0.0,0.0,0.0,0.0,0.0,0.0,0.0,0.0,Coinbase,UNKNOWN,0.7804,"[{""name"": ""Coinbase"", ""score"": 0.7804}, {""name"": ""Kraken"", ""score"": 0.2196}, {""name"": ""Binance"", ""score"": 0.0}]",True,0.21532009827519416,True
0x563537412ad5d49faa7fa442b9193b8238d98c3c,Coinbase,3.0,3.0,3.0,0.0052240531772063,0.0017413510590687,0.0015780154140995,3.0,605.9033333333333,1.0,Coinbase,Coinbase,0.9733,"[{""name"": ""Coinbase"", ""score"": 0.9733}, {""name"": ""Kraken"", ""score"": 0.0267}, {""name"": ""Binance"", ""score"": 0.0}]",False,0.21201799147174294,False
0x46a359199c302aac6b680634551b5c0a6ffcdeac,Coinbase,1000.0,1000.0,1000.0,799.6548865249247,0.7996548865249247,0.602823637847858,296.0,302.3775925925926,3.3783783783783785,Coinbase,Coinbase,0.81,"[{""name"": ""Coinbase"", ""score"": 0.81}, {""name"": ""Binance"", ""score"": 0.0967}, {""name"": ""Kraken"", ""score"": 0.0933}]",False,0.20859339995646015,False
0x7d69fd776b727e74857d4857a7dd5e3967887208,Coinbase,1000.0,1000.0,1000.0,63.177516603,0.063177516603,0.1048684919514214,62.0,62.80201388888889,16.129032258064516,Coinbase,UNKNOWN,0.5867,"[{""name"": ""Coinbase"", ""score"": 0.5867}, {""name"": ""Kraken"", ""score"": 0.31}, {""name"": ""Binance"", ""score"": 0.1033}]",True,0.23242769218425247,False
0x4a99c70850294a76eaf2583cb006d17e2abf5ce8,Coinbase,1000.0,1000.0,1000.0,229.2878064819576,0.2292878064819575,0.133164313482014,458.0,464.0210300925926,2.183406113537118,Coinbase,Coinbase,0.9833,"[{""name"": ""Coinbase"", ""score"": 0.9833}, {""name"": ""Kraken"", ""score"": 0.0167}, {""name"": ""Binance"", ""score"": 0.0}]",False,0.181724160234076,False
0x2ec90c4a7c4cc64d7f662ccb9d5ef94d3e556860,Coinbase,3.0,3.0,3.0,0.0023341876957562,0.000778062565252,0.0006789031202201,2.0,339.9498611111111,1.5,Coinbase,Coinbase,1.0,"[{""name"": ""Coinbase"", ""score"": 1.0}, {""name"": ""Binance"", ""score"": 0.0}, {""name"": ""Kraken"", ""score"": 0.0}]",False,0.22582662807482268,False
0x707e8eaf4c1586fea01f8fd0242daac009d4f60e,Coinbase,24.0,24.0,24.0,0.00282090093855,0.0001175375391062,0.000399086867251,4.0,382.09680555555553,6.0,Coinbase,Coinbase,0.9967,"[{""name"": ""Coinbase"", ""score"": 0.9967}, {""name"": ""Binance"", ""score"": 0.0033}, {""name"": ""Kraken"", ""score"": 0.0}]",False,0.21936039916383349,False
0x3caf154ef6178c1c87e0df411913bb0ef2c3b228,Coinbase,1000.0,1000.0,1000.0,264.97338937,0.26497338937,0.4144783269901705,41.0,52.89755787037037,24.390243902439025,Coinbase,UNKNOWN,0.5233,"[{""name"": ""Coinbase"", ""score"": 0.5233}, {""name"": ""Kraken"", ""score"": 0.28}, {""name"": ""Binance"", ""score"": 0.1967}]",True,0.2299378060448951,False
0x1ff9e1818688daf19c673b7e29f6acead7e987a9,Coinbase,1000.0,1000.0,1000.0,65.32881325700001,0.065328813257,0.0993049895293309,586.0,668.1441435185185,1.706484641638225,Coinbase,Coinbase,0.9033,"[{""name"": ""Coinbase"", ""score"": 0.9033}, {""name"": ""Kraken"", ""score"": 0.0767}, {""name"": ""Binance"", ""score"": 0.02}]",False,0.11914530585680166,False
0x829e3c7781a6ac8cd864cd8437a664ec07da75a8,Coinbase,103.0,103.0,103.0,562759.5065531519,5463.684529642252,27502.753801731964,2.0,1.2010532407407408,51.5,Coinbase,UNKNOWN,0.5967,"[{""name"": ""Coinbase"", ""score"": 0.5967}, {""name"": ""Kraken"", ""score"": 0.31}, {""name"": ""Binance"", ""score"": 0.0933}]",True,0.04821152355867697,False
0x6b76f8b1e9e59913bfe758821887311ba1805cab,Coinbase,23.0,23.0,23.0,0.0773058133831667,0.0033611223210072,0.0138449947917059,7.0,1366.321261574074,3.2857142857142856,Coinbase,UNKNOWN,0.4633,"[{""name"": ""Coinbase"", ""score"": 0.4633}, {""name"": ""Binance"", ""score"": 0.3567}, {""name"": ""Kraken"", ""score"": 0.18}]",True,0.1752439722072901,False
0x5eb8825ca3cc1d3ac309abac112e97e90dbdc5e3,Coinbase,1000.0,1000.0,1000.0,19.11977630157368,0.0191197763015736,0.3020431586809635,64.0,62.918055555555554,15.625,Kraken,UNKNOWN,0.4967,"[{""name"": ""Kraken"", ""score"": 0.4967}, {""name"": ""Coinbase"", ""score"": 0.3633}, {""name"": ""Binance"", ""score"": 0.14}]",True,0.23226120711730963,False
0xe3d6d8bcdc4eb4e24ad7523d98c394960e8c1d32,Coinbase,22.0,22.0,22.0,0.0013414577519563,6.097535236165422e-05,0.0001988689941172,4.0,382.1115277777778,5.5,Coinbase,Coinbase,1.0,"[{""name"": ""Coinbase"", ""score"": 1.0}, {""name"": ""Binance"", ""score"": 0.0}, {""name"": ""Kraken"", ""score"": 0.0}]",False,0.22193575981646368,False
0x082923d3b46ac98f734f9fc2a76d8bf7b2074e59,Coinbase,22.0,22.0,22.0,0.0023021650731871,0.000104643866963,0.0003400730933749,4.0,382.1161111111112,5.5,Coinbase,Coinbase,1.0,"[{""name"": ""Coinbase"", ""score"": 1.0}, {""name"": ""Binance"", ""score"": 0.0}, {""name"": ""Kraken"", ""score"": 0.0}]",False,0.2221167228681537,False
0x441cacfd43856409b163b90e094bb42aeb70a70e,Coinbase,1000.0,1000.0,1000.0,10.9919328,0.0109919328,0.0386517704235426,40.0,56.84027777777778,25.0,Coinbase,Coinbase,0.77,"[{""name"": ""Coinbase"", ""score"": 0.77}, {""name"": ""Kraken"", ""score"": 0.16}, {""name"": ""Binance"", ""score"": 0.07}]",False,0.23080571123506372,False
0x881d4032abe4188e2237efcd27ab435e81fc6bb1,Coinbase,1000.0,1000.0,978.0,0.0,0.0,0.0,20.0,22.51328703703704,50.0,Kraken,UNKNOWN,0.5635,"[{""name"": ""Kraken"", ""score"": 0.5635}, {""name"": ""Coinbase"", ""score"": 0.2698}, {""name"": ""Binance"", ""score"": 0.1667}]",True,0.22235890506603495,False
0xd6974e28ecee4005a4d03c4c6ed0aac71fb46b94,Coinbase,22.0,22.0,22.0,0.0005,2.272727272727273e-05,0.0001066003581778,3.0,170.87722222222223,7.333333333333333,Coinbase,Coinbase,0.9833,"[{""name"": ""Coinbase"", ""score"": 0.9833}, {""name"": ""Kraken"", ""score"": 0.0133}, {""name"": ""Binance"", ""score"": 0.0033}]",False,0.21195895873857695,False
0x784c1fb954ad66b7070ba71ab74d29745676151c,Coinbase,1000.0,1000.0,1000.0,232.71642003283853,0.2327164200328385,0.1275677816977425,465.0,466.0936805555556,2.150537634408602,Coinbase,Coinbase,0.9633,"[{""name"": ""Coinbase"", ""score"": 0.9633}, {""name"": ""Kraken"", ""score"": 0.03}, {""name"": ""Binance"", ""score"": 0.0067}]",False,0.17764524941541032,False
0xd356e0857bd5711be2155b3d352d5699d555d9ce,Coinbase,1000.0,1000.0,1000.0,40.48708008846755,0.0404870800884675,0.0646518804558542,21.0,55.86806712962963,47.61904761904762,Coinbase,Coinbase,0.72,"[{""name"": ""Coinbase"", ""score"": 0.72}, {""name"": ""Kraken"", ""score"": 0.1533}, {""name"": ""Binance"", ""score"": 0.1267}]",False,0.22374703983572758,False
0xf481b7fab9f5d0e74f21ae595a749634fb053619,Coinbase,117.0,117.0,117.0,258462.8442754444,2209.0841391063623,11923.852623201135,23.0,2085.174791666667,5.086956521739131,Coinbase,Coinbase,0.8733,"[{""name"": ""Coinbase"", ""score"": 0.8733}, {""name"": ""Kraken"", ""score"": 0.0767}, {""name"": ""Binance"", ""score"": 0.05}]",False,0.0846786895541129,False
0x05613ea65680e6076d1490dd2e90a68e71fe734b,Coinbase,1000.0,1000.0,1000.0,256.767614777239,0.256767614777239,0.1339211231705606,356.0,358.4753125,2.808988764044944,Coinbase,Coinbase,0.8333,"[{""name"": ""Coinbase"", ""score"": 0.8333}, {""name"": ""Kraken"", ""score"": 0.1667}, {""name"": ""Binance"", ""score"": 0.0}]",False,0.20820141044947715,False
0x80a7d049189ed345c56ba2ef4949aa40b136ccbf,Coinbase,1000.0,1000.0,1000.0,83.43329985928935,0.0834332998592893,0.0592602465087333,440.0,447.7635416666666,2.272727272727273,Coinbase,Coinbase,0.99,"[{""name"": ""Coinbase"", ""score"": 0.99}, {""name"": ""Kraken"", ""score"": 0.01}, {""name"": ""Binance"", ""score"": 0.0}]",False,0.19205591425368224,False
0x01dbcbd257ce4332b570deba15b803337b0e9eee,Coinbase,3.0,3.0,3.0,0.0023102144497273,0.0007700714832424,0.0006736187391622,2.0,331.21930555555554,1.5,Coinbase,Coinbase,1.0,"[{""name"": ""Coinbase"", ""score"": 1.0}, {""name"": ""Binance"", ""score"": 0.0}, {""name"": ""Kraken"", ""score"": 0.0}]",False,0.2257691314438372,False
0xbd87e285840477f297016019a8b1669f6c96b2ca,Coinbase,23.0,23.0,23.0,0.0047328637150414,0.0002057766832626,0.0006829670354194,4.0,382.0840277777778,5.75,Coinbase,Coinbase,1.0,"[{""name"": ""Coinbase"", ""score"": 1.0}, {""name"": ""Binance"", ""score"": 0.0}, {""name"": ""Kraken"", ""score"": 0.0}]",False,0.22138563202382672,False
0xca122e4f0ef0200d52bd62bc1f0b5cc468dce1be,Coinbase,1.0,1.0,1.0,13581.04563156162,13581.04563156162,0.0,1.0,0.0,1.0,Coinbase,Coinbase,0.8233,"[{""name"": ""Coinbase"", ""score"": 0.8233}, {""name"": ""Kraken"", ""score"": 0.17}, {""name"": ""Binance"", ""score"": 0.0067}]",False,0.15641665130528437,False
0x91d66b38ae24292e9e12dd962bbb3aecf4ab769a,Coinbase,0.0,0.0,0.0,0.0,0.0,0.0,0.0,0.0,0.0,Coinbase,UNKNOWN,0.7302,"[{""name"": ""Coinbase"", ""score"": 0.7302}, {""name"": ""Kraken"", ""score"": 0.2698}, {""name"": ""Binance"", ""score"": 0.0}]",True,0.21532009827519416,True
0x6aac5e7c12d3c9259cff8e10b5bbdb1064c382a5,Coinbase,63.0,63.0,63.0,3076846.1989316926,48838.828554471314,191439.84082751005,5.0,65.67601851851852,12.6,Coinbase,Coinbase,0.9567,"[{""name"": ""Coinbase"", ""score"": 0.9567}, {""name"": ""Kraken"", ""score"": 0.0267}, {""name"": ""Binance"", ""score"": 0.0167}]",False,-0.12410492897038827,True
0xfba18a1f22bc30f2e071d88ee58f8de9fc0f62fa,Coinbase,1.0,1.0,1.0,16312.53889685804,16312.53889685804,0.0,1.0,0.0,1.0,Coinbase,Coinbase,0.9226,"[{""name"": ""Coinbase"", ""score"": 0.9226}, {""name"": ""Kraken"", ""score"": 0.0474}, {""name"": ""Binance"", ""score"": 0.03}]",False,0.1442819706886092,False
0x87cd2828979817757b4a7607dd04def4957ef437,Coinbase,1000.0,1000.0,1000.0,420.9473810613746,0.4209473810613746,0.5825505308299278,371.0,480.57670138888886,2.6954177897574123,Coinbase,Coinbase,0.63,"[{""name"": ""Coinbase"", ""score"": 0.63}, {""name"": ""Kraken"", ""score"": 0.35}, {""name"": ""Binance"", ""score"": 0.02}]",False,0.1907930245712829,False
0x9cf674f00b6bf61012393174913b7818cd2fc508,Coinbase,1000.0,1000.0,1000.0,1806.532441194906,1.806532441194906,2.272679161840385,26.0,35.8296412037037,38.46153846153846,Coinbase,Coinbase,0.8233,"[{""name"": ""Coinbase"", ""score"": 0.8233}, {""name"": ""Kraken"", ""score"": 0.0967}, {""name"": ""Binance"", ""score"": 0.08}]",False,0.22355853172093887,False
0x0ff64c53d295533a37f913bb78be9e2adc78f5fe,Coinbase,8.0,8.0,8.0,299999.99898136966,37499.99987267121,49087.53841439039,4.0,2728.1657523148147,2.0,Coinbase,Coinbase,0.94,"[{""name"": ""Coinbase"", ""score"": 0.94}, {""name"": ""Kraken"", ""score"": 0.0567}, {""name"": ""Binance"", ""score"": 0.0033}]",False,-0.03437256351043405,True
0x0bf5ec06f44e9aa068732b1c203f007855a5eed8,Coinbase,56.0,56.0,56.0,373928.6456048865,6677.297242944403,24921.61267684402,12.0,40.07114583333333,4.666666666666667,Coinbase,Coinbase,0.8467,"[{""name"": ""Coinbase"", ""score"": 0.8467}, {""name"": ""Kraken"", ""score"": 0.1433}, {""name"": ""Binance"", ""score"": 0.01}]",False,0.11187788896071321,False
0xf6874c88757721a02f47592140905c4336dfbc61,Coinbase,1000.0,1000.0,1000.0,0.0,0.0,0.0,18.0,16.348761574074075,55.55555555555556,Coinbase,Coinbase,0.6198,"[{""name"": ""Coinbase"", ""score"": 0.6198}, {""name"": ""Binance"", ""score"": 0.2833}, {""name"": ""Kraken"", ""score"": 0.0969}]",False,0.21909382229198238,False
0xeb2629a2734e272bcc07bda959863f316f4bd4cf,Coinbase,1000.0,1000.0,1000.0,1996.0948988040595,1.99609489880406,22.200959112087617,4.0,2.2242592592592594,250.0,Coinbase,Coinbase,0.6633,"[{""name"": ""Coinbase"", ""score"": 0.6633}, {""name"": ""Binance"", ""score"": 0.2633}, {""name"": ""Kraken"", ""score"": 0.0733}]",False,0.16895499783680157,False
0xa818c01c2fdf04f24f8d6bda3512e901f33a575e,Coinbase,23.0,23.0,23.0,0.0005,2.173913043478261e-05,0.0001042572070285,4.0,1731.1269675925926,5.75,Coinbase,Coinbase,0.8167,"[{""name"": ""Coinbase"", ""score"": 0.8167}, {""name"": ""Binance"", ""score"": 0.18}, {""name"": ""Kraken"", ""score"": 0.0033}]",False,0.14870064816190748,False
0xb35d425a3f49c49181ef8e72583efb070b54202e,Coinbase,23.0,23.0,23.0,0.0018087094841286,7.86395427882e-05,0.0002621393577028,4.0,382.0802777777778,5.75,Coinbase,Coinbase,1.0,"[{""name"": ""Coinbase"", ""score"": 1.0}, {""name"": ""Binance"", ""score"": 0.0}, {""name"": ""Kraken"", ""score"": 0.0}]",False,0.22147627987437457,False
0x9fabd6e7eb55af696736b1d16730ab7ff14af58a,Coinbase,2.0,2.0,2.0,75000.00021,37500.000105,0.0001484924228703,1.0,0.0010069444444444,2.0,Coinbase,Coinbase,0.9467,"[{""name"": ""Coinbase"", ""score"": 0.9467}, {""name"": ""Kraken"", ""score"": 0.0433}, {""name"": ""Binance"", ""score"": 0.01}]",False,0.07434991417761816,False
0x9d67adc2cc190d6a0378d52fac55319d8e0d6aed,Coinbase,3.0,3.0,3.0,0.0022958703335989,0.0007652901111996,0.0006705735946942,2.0,331.045,1.5,Coinbase,Coinbase,1.0,"[{""name"": ""Coinbase"", ""score"": 1.0}, {""name"": ""Binance"", ""score"": 0.0}, {""name"": ""Kraken"", ""score"": 0.0}]",False,0.2257691314438372,False
0x1e281846fdaa56819d7ff0203bfdee6c2ef75fa9,Coinbase,1000.0,1000.0,1000.0,1845.586817280852,1.845586817280852,2.5908812351048374,25.0,39.77320601851852,40.0,Coinbase,Coinbase,0.7067,"[{""name"": ""Coinbase"", ""score"": 0.7067}, {""name"": ""Binance"", ""score"": 0.21}, {""name"": ""Kraken"", ""score"": 0.0833}]",False,0.22363727186343518,False
0xe5d6e9c76cd4972c3f5884edda8c4214318552bd,Coinbase,23.0,23.0,23.0,0.0090313686414414,0.0003926682018018,0.0013029038574673,4.0,382.0316666666667,5.75,Coinbase,Coinbase,1.0,"[{""name"": ""Coinbase"", ""score"": 1.0}, {""name"": ""Binance"", ""score"": 0.0}, {""name"": ""Kraken"", ""score"": 0.0}]",False,0.2199129332531488,False
0x6c37a68dbb44c3f437d15dc405c67bf5778b8637,Coinbase,86.0,86.0,86.0,3020131.267763128,35117.80543910614,161975.8164909513,4.0,8.578645833333333,21.5,Coinbase,Coinbase,0.89,"[{""name"": ""Coinbase"", ""score"": 0.89}, {""name"": ""Kraken"", ""score"": 0.0967}, {""name"": ""Binance"", ""score"": 0.0133}]",False,-0.10909578252045271,True
0xb8487eed31cf5c559bf3f4edd166b949553d0d11,Coinbase,101.0,101.0,101.0,670941.3438167151,6642.983602145694,66761.15895370486,3.0,735.280162037037,33.666666666666664,Coinbase,Coinbase,0.8933,"[{""name"": ""Coinbase"", ""score"": 0.8933}, {""name"": ""Kraken"", ""score"": 0.0933}, {""name"": ""Binance"", ""score"": 0.0133}]",False,0.005624102187656743,False
0xb19d4c6a270b5e737483588da1b943b01e59dc47,Coinbase,1000.0,1000.0,1000.0,244.32570459637057,0.2443257045963705,0.1269064164816199,420.0,451.77038194444447,2.380952380952381,Coinbase,Coinbase,0.9567,"[{""name"": ""Coinbase"", ""score"": 0.9567}, {""name"": ""Kraken"", ""score"": 0.0367}, {""name"": ""Binance"", ""score"": 0.0067}]",False,0.1947266909681487,False
0xcd531ae9efcce479654c4926dec5f6209531ca7b,Coinbase,1000.0,1000.0,998.0,88767.57943231068,88.76757943231068,453.6312069596211,120.0,232.12454861111112,8.333333333333334,Binance,Binance,0.79,"[{""name"": ""Binance"", ""score"": 0.79}, {""name"": ""Coinbase"", ""score"": 0.1467}, {""name"": ""Kraken"", ""score"": 0.0633}]",False,0.1769923385165897,False
0xc803fd4aa37d4af52c9a5bdda5e62163f5cec859,Coinbase,3.0,3.0,3.0,299999.99387195666,99999.99795731888,86602.53771486343,2.0,68.6059837962963,1.5,Coinbase,Coinbase,0.89,"[{""name"": ""Coinbase"", ""score"": 0.89}, {""name"": ""Kraken"", ""score"": 0.1}, {""name"": ""Binance"", ""score"": 0.01}]",False,-0.06806266655924753,True
0x1fb661181c0dde01a66f5fdeb722640e3accfc34,Coinbase,24.0,24.0,24.0,0.0093862259364708,0.0003910927473529,0.0013280926676187,5.0,434.23027777777776,4.8,Coinbase,Coinbase,1.0,"[{""name"": ""Coinbase"", ""score"": 1.0}, {""name"": ""Binance"", ""score"": 0.0}, {""name"": ""Kraken"", ""score"": 0.0}]",False,0.21750309646592247,False
0x281055afc982d96fab65b3a49cac8b878184cb16,Coinbase,526.0,526.0,526.0,3076846.2316550706,5849.517550675039,67002.39930670142,185.0,3162.5452314814816,2.843243243243243,Binance,UNKNOWN,0.47,"[{""name"": ""Binance"", ""score"": 0.47}, {""name"": ""Coinbase"", ""score"": 0.4367}, {""name"": ""Kraken"", ""score"": 0.0933}]",True,-0.10566848510835036,True
0x3f1137cf8e6468669959c3b99a9250a400a76574,Coinbase,24.0,24.0,24.0,0.00281170093855,0.0001171542057729,0.0003978833542125,4.0,382.0969444444444,6.0,Coinbase,Coinbase,0.9967,"[{""name"": ""Coinbase"", ""score"": 0.9967}, {""name"": ""Binance"", ""score"": 0.0033}, {""name"": ""Kraken"", ""score"": 0.0}]",False,0.21936039916383349,False
0x75590f473d2a7b377c1ba991790900f28532f329,Coinbase,3.0,3.0,3.0,0.0051725544522116,0.0017241848174038,0.0015021368479989,2.0,478.0995833333333,1.5,Coinbase,Coinbase,0.9967,"[{""name"": ""Coinbase"", ""score"": 0.9967}, {""name"": ""Kraken"", ""score"": 0.0033}, {""name"": ""Binance"", ""score"": 0.0}]",False,0.21813277671401082,False
0x7e59903fcc0815738ae444e1449dcba9a344c102,Coinbase,24.0,24.0,24.0,0.0027588426271921,0.000114951776133,0.000391071599136,5.0,434.3148611111111,4.8,Coinbase,Coinbase,1.0,"[{""name"": ""Coinbase"", ""score"": 1.0}, {""name"": ""Binance"", ""score"": 0.0}, {""name"": ""Kraken"", ""score"": 0.0}]",False,0.21830062172616155,False
0x221cec08c3df34763eed468705dc779cbe750ceb,Coinbase,21.0,21.0,21.0,0.0005,2.380952380952381e-05,0.0001091089451179,3.0,183.8855555555556,7.0,Coinbase,Coinbase,0.9967,"[{""name"": ""Coinbase"", ""score"": 0.9967}, {""name"": ""Kraken"", ""score"": 0.0033}, {""name"": ""Binance"", ""score"": 0.0}]",False,0.2131125488497086,False
0x1846deb34cc19c11e7ddf0de48b13fd1f231ca7f,Coinbase,1000.0,1000.0,1000.0,4.610655824658732,0.0046106558246587,0.0031847720211537,5.0,4.045393518518519,200.0,Coinbase,Coinbase,0.7933,"[{""name"": ""Coinbase"", ""score"": 0.7933}, {""name"": ""Kraken"", ""score"": 0.1567}, {""name"": ""Binance"", ""score"": 0.05}]",False,0.1893169344487513,False
0x7fba67199ec67af97cc036963a23087809810b63,Coinbase,3.0,3.0,3.0,0.0018071942327166,0.0006023980775722,0.0005305243621846,2.0,383.61597222222224,1.5,Coinbase,Coinbase,1.0,"[{""name"": ""Coinbase"", ""score"": 1.0}, {""name"": ""Binance"", ""score"": 0.0}, {""name"": ""Kraken"", ""score"": 0.0}]",False,0.22465731503928987,False
0x5c70b6d4d2ee0ce6edafed66e71db0ee1e91461f,Coinbase,1000.0,1000.0,1000.0,81.8613204315498,0.0818613204315498,0.0672960214484824,513.0,573.5443402777778,1.949317738791423,Coinbase,Coinbase,1.0,"[{""name"": ""Coinbase"", ""score"": 1.0}, {""name"": ""Binance"", ""score"": 0.0}, {""name"": ""Kraken"", ""score"": 0.0}]",False,0.15979187664901784,False
0xd55c1ae0e52918c864616dd5ffba6c50b8fbe39e,Coinbase,2.0,2.0,2.0,0.0474647129545555,0.0237323564772777,0.0321484068348661,2.0,77.59222222222222,1.0,Coinbase,Coinbase,0.7667,"[{""name"": ""Coinbase"", ""score"": 0.7667}, {""name"": ""Kraken"", ""score"": 0.2267}, {""name"": ""Binance"", ""score"": 0.0067}]",False,0.21846810036051245,False
0xe0e65c40bcb1225d4ab3a13f3a9e21abbd83f9d0,Coinbase,22.0,22.0,22.0,0.0033159657692895,0.0001507257167858,0.0004886788541895,4.0,382.0390277777778,5.5,Coinbase,Coinbase,1.0,"[{""name"": ""Coinbase"", ""score"": 1.0}, {""name"": ""Binance"", ""score"": 0.0}, {""name"": ""Kraken"", ""score"": 0.0}]",False,0.2221167228681537,False
0xe3aac971590635f601ea751096f11343c70ebadf,Coinbase,0.0,0.0,0.0,0.0,0.0,0.0,0.0,0.0,0.0,Coinbase,UNKNOWN,0.7804,"[{""name"": ""Coinbase"", ""score"": 0.7804}, {""name"": ""Kraken"", ""score"": 0.2196}, {""name"": ""Binance"", ""score"": 0.0}]",True,0.21532009827519416,True
0x77696bb39917c91a0c3908d577d5e322095425ca,Coinbase,1000.0,1000.0,1000.0,10.028544748,0.0100285447479999,0.2241337245917604,5.0,3.222141203703704,200.0,Coinbase,Coinbase,0.7367,"[{""name"": ""Coinbase"", ""score"": 0.7367}, {""name"": ""Binance"", ""score"": 0.1967}, {""name"": ""Kraken"", ""score"": 0.0667}]",False,0.18970614731561963,False
0x04d4876932c7c375efcaeb7ae0ad00591acf09f6,Coinbase,0.0,0.0,0.0,0.0,0.0,0.0,0.0,0.0,0.0,Coinbase,UNKNOWN,0.7086,"[{""name"": ""Coinbase"", ""score"": 0.7086}, {""name"": ""Kraken"", ""score"": 0.2914}, {""name"": ""Binance"", ""score"": 0.0}]",True,0.21532009827519416,True
0xf586704c4a00088d5bf128aba0244409bb849677,Coinbase,1000.0,1000.0,1000.0,116.35699706106504,0.116356997061065,0.0684753381759635,189.0,230.176875,5.291005291005291,Coinbase,Coinbase,0.9367,"[{""name"": ""Coinbase"", ""score"": 0.9367}, {""name"": ""Kraken"", ""score"": 0.0567}, {""name"": ""Binance"", ""score"": 0.0067}]",False,0.2307950503687608,False
0x02a50cb5e39c3991278d357c966edce781e118ce,Coinbase,22.0,22.0,22.0,0.0023113650731871,0.0001050620487812,0.0003412971801336,4.0,382.1161111111112,5.5,Coinbase,Coinbase,1.0,"[{""name"": ""Coinbase"", ""score"": 1.0}, {""name"": ""Binance"", ""score"": 0.0}, {""name"": ""Kraken"", ""score"": 0.0}]",False,0.2221167228681537,False
0x4fd166478b440fb2a0bc64321ec35ed48f9cdb16,Coinbase,1000.0,1000.0,1000.0,139100.001,139.100001,119.06034220884754,7.0,18.620613425925924,142.85714285714286,Binance,Binance,0.7167,"[{""name"": ""Binance"", ""score"": 0.7167}, {""name"": ""Coinbase"", ""score"": 0.2733}, {""name"": ""Kraken"", ""score"": 0.01}]",False,0.14234406827027046,False
0xcad50671877eb564d42ddd76b5fec46ac60ef1bd,Coinbase,1000.0,1000.0,1000.0,12.185666758,0.012185666758,0.0323157491083326,118.0,201.3313773148148,8.474576271186441,Coinbase,UNKNOWN,0.56,"[{""name"": ""Coinbase"", ""score"": 0.56}, {""name"": ""Kraken"", ""score"": 0.2467}, {""name"": ""Binance"", ""score"": 0.1933}]",True,0.2333989126624627,False
0xf4f9ef2d331194d2e8a840e77ddc9832dac2b4ab,Coinbase,1000.0,1000.0,1000.0,55.428065321,0.0554280653209999,0.0315744911771573,249.0,269.05556712962965,4.016064257028113,Coinbase,Coinbase,0.9567,"[{""name"": ""Coinbase"", ""score"": 0.9567}, {""name"": ""Kraken"", ""score"": 0.0433}, {""name"": ""Binance"", ""score"": 0.0}]",False,0.22683183397562912,False
0xa102a06fa1abd8105a6e9965281539099adc7d7c,Coinbase,1000.0,1000.0,1000.0,81017.21252918038,81.01721252918038,319.7844822966466,37.0,157.65221064814816,27.027027027027028,Coinbase,Coinbase,0.7,"[{""name"": ""Coinbase"", ""score"": 0.7}, {""name"": ""Binance"", ""score"": 0.2}, {""name"": ""Kraken"", ""score"": 0.1}]",False,0.18231821588052083,False
0x88d9b2fb5fd9f5e0395c065205e83e7ee461802f,Coinbase,2.0,2.0,2.0,75000.00021,37500.000105,0.0001484924228703,1.0,0.0006712962962962,2.0,Coinbase,Coinbase,0.9767,"[{""name"": ""Coinbase"", ""score"": 0.9767}, {""name"": ""Kraken"", ""score"": 0.0167}, {""name"": ""Binance"", ""score"": 0.0067}]",False,0.07561297031830616,False
0x0efb879e9cc0ed546c487df0a150be8fffd0608e,Coinbase,1000.0,1000.0,1000.0,955.8378971933788,0.9558378971933787,10.159026851007354,280.0,346.90842592592594,3.571428571428572,Coinbase,UNKNOWN,0.4033,"[{""name"": ""Coinbase"", ""score"": 0.4033}, {""name"": ""Kraken"", ""score"": 0.3933}, {""name"": ""Binance"", ""score"": 0.2033}]",True,0.20672139059166011,False
0x01b8629d722d451ba9dd0a539c2ba11b6dbe68b8,Kraken,1000.0,1000.0,1000.0,100.0779855217575,0.1000779855217574,3.1307805564840443,406.0,622.9440162037037,2.4630541871921183,Kraken,Kraken,0.96,"[{""name"": ""Kraken"", ""score"": 0.96}, {""name"": ""Coinbase"", ""score"": 0.04}, {""name"": ""Binance"", ""score"": 0.0}]",False,0.19993880931741626,False
0x675938d86a6a4651b6dbba7529117fb0b557ccf2,Kraken,1000.0,1000.0,1000.0,500.0,0.5,15.811388300841896,40.0,40.67722222222222,25.0,Kraken,Kraken,0.9567,"[{""name"": ""Kraken"", ""score"": 0.9567}, {""name"": ""Coinbase"", ""score"": 0.04}, {""name"": ""Binance"", ""score"": 0.0033}]",False,0.22615082607026488,False
0x241361559feef80ef137302153bd9ed2f25db3ef,Kraken,18.0,18.0,17.0,205072.0627971452,11392.892377619177,14773.524485657548,10.0,359.76381944444444,1.8,Coinbase,Coinbase,0.69,"[{""name"": ""Coinbase"", ""score"": 0.69}, {""name"": ""Kraken"", ""score"": 0.3033}, {""name"": ""Binance"", ""score"": 0.0067}]",False,0.1161949781657981,False
0x3dce541d185e6893e53b2f817cf435cc28291713,Kraken,1000.0,1000.0,1000.0,4.03694066165691,0.0040369406616569,0.1264900274451269,60.0,63.390277777777776,16.666666666666668,Kraken,UNKNOWN,0.5367,"[{""name"": ""Kraken"", ""score"": 0.5367}, {""name"": ""Coinbase"", ""score"": 0.3567}, {""name"": ""Binance"", ""score"": 0.1067}]",True,0.2324368408191259,False
0x68ee447f886fa729f2e8723296572a93932affca,Kraken,1000.0,1000.0,1000.0,51.0,0.051,1.5814233778150306,394.0,599.0488310185185,2.538071065989848,Kraken,Kraken,0.9633,"[{""name"": ""Kraken"", ""score"": 0.9633}, {""name"": ""Coinbase"", ""score"": 0.0367}, {""name"": ""Binance"", ""score"": 0.0}]",False,0.20111449386095587,False
0xb874005cbea25c357b31c62145b3aef219d105cf,Kraken,0.0,0.0,0.0,0.0,0.0,0.0,0.0,0.0,0.0,Coinbase,UNKNOWN,0.7414,"[{""name"": ""Coinbase"", ""score"": 0.7414}, {""name"": ""Kraken"", ""score"": 0.2586}, {""name"": ""Binance"", ""score"": 0.0}]",True,0.21532009827519416,True
0x30e84f627ebc336eee72cd720a837e6f75d865d5,Kraken,1000.0,1000.0,1000.0,500.0,0.5,15.811388300841896,182.0,189.0161226851852,5.494505494505495,Kraken,Kraken,0.97,"[{""name"": ""Kraken"", ""score"": 0.97}, {""name"": ""Coinbase"", ""score"": 0.0267}, {""name"": ""Binance"", ""score"": 0.0033}]",False,0.21813667433215328,False
0x7322367325b4769400a1eafb1e2b41d6e966153a,Kraken,1000.0,1000.0,1000.0,101.04439099449596,0.1010443909944959,3.1624027093170555,404.0,881.4182060185185,2.4752475247524752,Kraken,Kraken,0.99,"[{""name"": ""Kraken"", ""score"": 0.99}, {""name"": ""Coinbase"", ""score"": 0.01}, {""name"": ""Binance"", ""score"": 0.0}]",False,0.18543243637451517,False
0x86631784b0d170c6562f34ca3c7d84388b246d54,Kraken,1000.0,1000.0,1000.0,101.0,0.101,3.162404117091898,195.0,235.9139583333333,5.128205128205129,Kraken,Kraken,1.0,"[{""name"": ""Kraken"", ""score"": 1.0}, {""name"": ""Binance"", ""score"": 0.0}, {""name"": ""Coinbase"", ""score"": 0.0}]",False,0.231268056387947,False
0x210b3cb99fa1de0a64085fa80e18c22fe4722a1b,Kraken,1000.0,1000.0,1000.0,2389997.759227744,2389.997759227744,10747.358015283477,256.0,1032.3870833333333,3.90625,Binance,Binance,0.6333,"[{""name"": ""Binance"", ""score"": 0.6333}, {""name"": ""Kraken"", ""score"": 0.28}, {""name"": ""Coinbase"", ""score"": 0.0867}]",False,-0.033140321617212476,True
0x53ab4a93b31f480d17d3440a6329bda86869458a,Kraken,1000.0,1000.0,1000.0,500.0,0.5,15.77976555595808,14.0,15.924965277777778,71.42857142857143,Kraken,UNKNOWN,0.49,"[{""name"": ""Kraken"", ""score"": 0.49}, {""name"": ""Binance"", ""score"": 0.44}, {""name"": ""Coinbase"", ""score"": 0.07}]",True,0.21176217018816462,False
0xb05b5d96e61df493548e85ec8f2d46482dcb16a3,Kraken,1000.0,1000.0,1000.0,51.0,0.051,1.5814233778150306,243.0,311.5013425925926,4.11522633744856,Kraken,Kraken,0.97,"[{""name"": ""Kraken"", ""score"": 0.97}, {""name"": ""Coinbase"", ""score"": 0.03}, {""name"": ""Binance"", ""score"": 0.0}]",False,0.22733221317578972,False
0x62ac55b745f9b08f1a81dcbbe630277095cf4be1,Kraken,1000.0,1000.0,1000.0,42.0,0.042,1.2656373247648152,8.0,7.601805555555556,125.0,Binance,Binance,0.7633,"[{""name"": ""Binance"", ""score"": 0.7633}, {""name"": ""Coinbase"", ""score"": 0.18}, {""name"": ""Kraken"", ""score"": 0.0567}]",False,0.20805292003986314,False
0xa215c2d7e0d6e3479ca730d318e1dfd22fea357b,Kraken,1000.0,1000.0,1000.0,5.163916384841103,0.0051639163848411,0.1303476704739227,224.0,258.1115277777778,4.464285714285714,Kraken,Kraken,1.0,"[{""name"": ""Kraken"", ""score"": 1.0}, {""name"": ""Binance"", ""score"": 0.0}, {""name"": ""Coinbase"", ""score"": 0.0}]",False,0.22854332082125617,False
0xe05ad2490a469c7cad9b517bb4245733ef497c7f,Kraken,868.0,868.0,868.0,10.036192849125236,0.0115624341579783,0.2376127187944631,183.0,224.87472222222223,4.743169398907104,Kraken,Kraken,0.9767,"[{""name"": ""Kraken"", ""score"": 0.9767}, {""name"": ""Binance"", ""score"": 0.0133}, {""name"": ""Coinbase"", ""score"": 0.01}]",False,0.19688416327440283,False
0x012480c08d20a14cf3cb495e942a94dd926dcc8f,Kraken,1000.0,1000.0,1000.0,101.0,0.101,3.1624041170919,81.0,93.93909722222222,12.34567901234568,Kraken,Kraken,0.9967,"[{""name"": ""Kraken"", ""score"": 0.9967}, {""name"": ""Coinbase"", ""score"": 0.0033}, {""name"": ""Binance"", ""score"": 0.0}]",False,0.23442052862590446,False
0x69fd3ef67adcb9fd76396e2e4330629c9a8df59f,Kraken,1000.0,1000.0,1000.0,100.0,0.1,3.1307829375096903,125.0,141.90013888888888,8.0,Kraken,Kraken,1.0,"[{""name"": ""Kraken"", ""score"": 1.0}, {""name"": ""Binance"", ""score"": 0.0}, {""name"": ""Coinbase"", ""score"": 0.0}]",False,0.23088225833884385,False
0x45783790b282e8df4900d43febad284f3958d453,Kraken,764.0,764.0,764.0,9.804378767504373,0.012832956501969,0.2275758420655753,199.0,474.06097222222223,3.8391959798994977,Kraken,Kraken,0.9,"[{""name"": ""Kraken"", ""score"": 0.9}, {""name"": ""Binance"", ""score"": 0.0633}, {""name"": ""Coinbase"", ""score"": 0.0367}]",False,0.18242769051909363,False
0x8ab54f9e6df35b26168847ea93dab9659ecf286d,Kraken,1000.0,1000.0,1000.0,101.0,0.101,3.162404117091898,219.0,298.1164930555556,4.566210045662101,Kraken,Kraken,1.0,"[{""name"": ""Kraken"", ""score"": 1.0}, {""name"": ""Binance"", ""score"": 0.0}, {""name"": ""Coinbase"", ""score"": 0.0}]",False,0.230219812291111,False
0xfcaf9c57c26566f96d23f585950bb1c66e138890,Kraken,1000.0,1000.0,1000.0,201.0,0.201,4.469964158645971,89.0,91.48392361111112,11.235955056179776,Kraken,UNKNOWN,0.56,"[{""name"": ""Kraken"", ""score"": 0.56}, {""name"": ""Coinbase"", ""score"": 0.38}, {""name"": ""Binance"", ""score"": 0.06}]",True,0.2329792850667884,False
0x6c4e92471e8a8d8068894570502000e41fdbbd08,Kraken,1000.0,1000.0,1000.0,101.0,0.101,3.162404117091899,384.0,636.6890509259259,2.6041666666666665,Kraken,Kraken,0.9967,"[{""name"": ""Kraken"", ""score"": 0.9967}, {""name"": ""Coinbase"", ""score"": 0.0033}, {""name"": ""Binance"", ""score"": 0.0}]",False,0.20219223702230948,False
0x72beaf2b92a96aa4b7b12698e31c7e5dd062c3e4,Kraken,1000.0,1000.0,1000.0,5.188393830855125,0.0051883938308551,0.15813989902402,44.0,42.93638888888889,22.727272727272727,Kraken,Kraken,0.7367,"[{""name"": ""Kraken"", ""score"": 0.7367}, {""name"": ""Binance"", ""score"": 0.18}, {""name"": ""Coinbase"", ""score"": 0.0833}]",False,0.23045689508067946,False
0x098cbdd8eb01b19d37539644821772e9bde12d55,Kraken,1000.0,1000.0,1000.0,101.0,0.101,3.1624041170918984,90.0,92.8710300925926,11.11111111111111,Kraken,Kraken,1.0,"[{""name"": ""Kraken"", ""score"": 1.0}, {""name"": ""Binance"", ""score"": 0.0}, {""name"": ""Coinbase"", ""score"": 0.0}]",False,0.2336573234371629,False
0xe0bb449bb115dbc335aa1ed348b30fffa666c37a,Kraken,1000.0,1000.0,1000.0,500.0,0.5,15.811388300841896,186.0,206.3398148148148,5.376344086021505,Kraken,Kraken,0.9767,"[{""name"": ""Kraken"", ""score"": 0.9767}, {""name"": ""Coinbase"", ""score"": 0.0167}, {""name"": ""Binance"", ""score"": 0.0067}]",False,0.2180793838703775,False
0x16b2b042f15564bb8585259f535907f375bdc415,Kraken,1000.0,1000.0,1000.0,10.0,0.01,0.316227766016838,38.0,37.27583333333333,26.31578947368421,Binance,UNKNOWN,0.3633,"[{""name"": ""Binance"", ""score"": 0.3633}, {""name"": ""Kraken"", ""score"": 0.3567}, {""name"": ""Coinbase"", ""score"": 0.28}]",True,0.22914537187967288,False
0xa861678bee80035114b47615142e9302139a8c32,Kraken,1000.0,1000.0,1000.0,51.0,0.051,1.5814233778150306,172.0,344.21869212962963,5.813953488372093,Kraken,Kraken,0.9833,"[{""name"": ""Kraken"", ""score"": 0.9833}, {""name"": ""Coinbase"", ""score"": 0.01}, {""name"": ""Binance"", ""score"": 0.0067}]",False,0.22842312745349247,False
0x52f5f2add61c835ff10550402a46621ebd1071d5,Kraken,1000.0,1000.0,1000.0,100.0,0.1,3.16227766016838,153.0,169.08894675925927,6.5359477124183005,Kraken,Kraken,0.9967,"[{""name"": ""Kraken"", ""score"": 0.9967}, {""name"": ""Coinbase"", ""score"": 0.0033}, {""name"": ""Binance"", ""score"": 0.0}]",False,0.22830854216750784,False
0x3d8a489052fd169349f95222e657088b00d24787,Kraken,1000.0,1000.0,1000.0,100.0,0.1,3.1307829375096903,99.0,112.85966435185183,10.1010101010101,Kraken,Kraken,0.9933,"[{""name"": ""Kraken"", ""score"": 0.9933}, {""name"": ""Coinbase"", ""score"": 0.0067}, {""name"": ""Binance"", ""score"": 0.0}]",False,0.23046285196539334,False
0x0873a4edd6e46108a69d82d85df396692903540e,Kraken,1000.0,1000.0,1000.0,101.0,0.101,3.162404117091898,311.0,546.9674884259259,3.215434083601286,Kraken,Kraken,1.0,"[{""name"": ""Kraken"", ""score"": 1.0}, {""name"": ""Binance"", ""score"": 0.0}, {""name"": ""Coinbase"", ""score"": 0.0}]",False,0.216528525437315,False
0x1e22cd8cfa52e950e1f1e78d7e9d59b20df63909,Kraken,24.0,24.0,24.0,273477.768818,11394.907034083331,21000.80675300874,24.0,695.9618634259259,1.0,Coinbase,UNKNOWN,0.5,"[{""name"": ""Coinbase"", ""score"": 0.5}, {""name"": ""Kraken"", ""score"": 0.47}, {""name"": ""Binance"", ""score"": 0.03}]",True,0.10004462069994347,False
0x83005a942be58a41e3f5a4cdf2384e3a887d3678,Kraken,1000.0,1000.0,1000.0,5.114590914040826,0.0051145909140408,0.1303495395157369,268.0,349.0026388888889,3.7313432835820897,Kraken,Kraken,0.9767,"[{""name"": ""Kraken"", ""score"": 0.9767}, {""name"": ""Binance"", ""score"": 0.0167}, {""name"": ""Coinbase"", ""score"": 0.0067}]",False,0.22502120833075973,False
0xe2d6ae60244376c311cd4f54a8455ed18977134a,Kraken,1000.0,1000.0,1000.0,101.0,0.101,3.1624041170918984,320.0,382.15641203703706,3.125,Kraken,Kraken,0.9833,"[{""name"": ""Kraken"", ""score"": 0.9833}, {""name"": ""Coinbase"", ""score"": 0.0167}, {""name"": ""Binance"", ""score"": 0.0}]",False,0.21782264618763797,False
0x17a749f7fa0055618aa5f958d5aa13f5f5d19ea1,Kraken,652.0,652.0,652.0,9.808514201925984,0.0150437334385367,0.246332126145731,204.0,358.84027777777777,3.196078431372549,Kraken,Kraken,0.8767,"[{""name"": ""Kraken"", ""score"": 0.8767}, {""name"": ""Coinbase"", ""score"": 0.0733}, {""name"": ""Binance"", ""score"": 0.05}]",False,0.16792236536167215,False
0x735b1c7fde46d12e16952f650ba05211d37b0e17,Kraken,1000.0,1000.0,1000.0,101.0989469610576,0.1010989469610576,3.1624010699022884,344.0,657.9987037037037,2.9069767441860463,Kraken,Kraken,0.9967,"[{""name"": ""Kraken"", ""score"": 0.9967}, {""name"": ""Coinbase"", ""score"": 0.0033}, {""name"": ""Binance"", ""score"": 0.0}]",False,0.20786709895966898,False
0x7982a7efbff0cc2da4092d401aa72c6a0a030231,Kraken,996.0,996.0,996.0,17.640443641895732,0.017711288797084,0.3399390532789108,200.0,236.14666666666668,4.98,Kraken,Kraken,0.8967,"[{""name"": ""Kraken"", ""score"": 0.8967}, {""name"": ""Coinbase"", ""score"": 0.0967}, {""name"": ""Binance"", ""score"": 0.0067}]",False,0.21763761036585472,False
0xc494468cd4826380365aebbfbb1d6bf8bffe73ef,Kraken,859.0,859.0,859.0,201.1638611675498,0.2341837731869031,4.113068020690935,382.0,1239.309386574074,2.24869109947644,Kraken,UNKNOWN,0.52,"[{""name"": ""Kraken"", ""score"": 0.52}, {""name"": ""Binance"", ""score"": 0.2867}, {""name"": ""Coinbase"", ""score"": 0.1933}]",True,0.12095962951274702,False
0xed20e72c966da53c6ac5bbcb0ad16ac9f25b8ab0,Kraken,1000.0,1000.0,1000.0,569403.622299673,569.4036222996731,2839.8157279445386,225.0,361.2452777777778,4.444444444444445,Kraken,Kraken,0.6733,"[{""name"": ""Kraken"", ""score"": 0.6733}, {""name"": ""Binance"", ""score"": 0.2067}, {""name"": ""Coinbase"", ""score"": 0.12}]",False,0.08471928564817433,False
0x479011b0cb148fd7cd0c3cca0c32f9c6777e577a,Kraken,1000.0,1000.0,1000.0,5.393237706785521,0.0053932377067855,0.1581341629373548,19.0,27.05236111111111,52.63157894736842,Kraken,UNKNOWN,0.4067,"[{""name"": ""Kraken"", ""score"": 0.4067}, {""name"": ""Binance"", ""score"": 0.3133}, {""name"": ""Coinbase"", ""score"": 0.28}]",True,0.22096187120611555,False
0x4442c3e6b5f22b8b4dc3c9329be6c850c5779e85,Kraken,1000.0,1000.0,1000.0,51.04471710625011,0.0510447171062501,1.5814219725128635,437.0,751.549375,2.288329519450801,Kraken,Kraken,0.78,"[{""name"": ""Kraken"", ""score"": 0.78}, {""name"": ""Coinbase"", ""score"": 0.22}, {""name"": ""Binance"", ""score"": 0.0}]",False,0.18522551012585492,False
0xaee7cb232f11e652751696aa1d2cf14594fb2983,Kraken,204.0,204.0,204.0,10.125493132979669,0.0496347702597042,0.4276133599715523,100.0,224.8718055555556,2.04,Kraken,Kraken,0.7,"[{""name"": ""Kraken"", ""score"": 0.7}, {""name"": ""Binance"", ""score"": 0.1567}, {""name"": ""Coinbase"", ""score"": 0.1433}]",False,0.1607974250248368,False
0x34036f30371847c9fd8036b7ea5af1b3126306dc,Kraken,1000.0,1000.0,1000.0,101.03992239559736,0.1010399223955973,3.162402871507896,397.0,705.7353009259259,2.5188916876574305,Kraken,Kraken,0.99,"[{""name"": ""Kraken"", ""score"": 0.99}, {""name"": ""Coinbase"", ""score"": 0.01}, {""name"": ""Binance"", ""score"": 0.0}]",False,0.19996507622365406,False
0x24b4eae904632c53ee231e3bd6c4444745ce22c0,Kraken,1000.0,1000.0,1000.0,500.0,0.5,15.811388300841896,130.0,150.6103587962963,7.6923076923076925,Kraken,Kraken,0.9633,"[{""name"": ""Kraken"", ""score"": 0.9633}, {""name"": ""Coinbase"", ""score"": 0.0333}, {""name"": ""Binance"", ""score"": 0.0033}]",False,0.22456490249138095,False
0x109be9d7d5f64c8c391ced3a8f69bdef20fcaea9,Kraken,238.0,238.0,238.0,2365402.703813254,9938.666822744764,38843.73026339609,123.0,325.6218055555556,1.934959349593496,Kraken,UNKNOWN,0.3733,"[{""name"": ""Kraken"", ""score"": 0.3733}, {""name"": ""Coinbase"", ""score"": 0.3333}, {""name"": ""Binance"", ""score"": 0.2933}]",True,-0.02067542199264205,True
0x6675038e71627be276d6347ec330c0c5fdcace61,Kraken,1000.0,1000.0,1000.0,5.077488684680538,0.0050774886846805,0.1581119596039375,100.0,116.41666666666669,10.0,Kraken,Kraken,0.8133,"[{""name"": ""Kraken"", ""score"": 0.8133}, {""name"": ""Binance"", ""score"": 0.1833}, {""name"": ""Coinbase"", ""score"": 0.0033}]",False,0.23066234412137032,False
0xdbad7f38cac7ff6521d3acf242349dfbb5fa965d,Kraken,1000.0,1000.0,1000.0,5.141672244120672,0.0051416722441206,0.1303487443966414,230.0,262.8595833333333,4.3478260869565215,Kraken,Kraken,0.9967,"[{""name"": ""Kraken"", ""score"": 0.9967}, {""name"": ""Coinbase"", ""score"": 0.0033}, {""name"": ""Binance"", ""score"": 0.0}]",False,0.22838828896303315,False
0x226e5888f43b251a5ef1a55b01761f452e8002a5,Kraken,1000.0,1000.0,1000.0,101.06998603471746,0.1010699860347174,3.1624019227144924,392.0,914.185335648148,2.5510204081632653,Kraken,Kraken,0.9967,"[{""name"": ""Kraken"", ""score"": 0.9967}, {""name"": ""Coinbase"", ""score"": 0.0033}, {""name"": ""Binance"", ""score"": 0.0}]",False,0.18449903674115425,False
0x12fd1ac6c2237776ab04bdcb3dbadf6dfbf7f1b6,Kraken,1000.0,1000.0,1000.0,500.0,0.5,15.811388300841896,386.0,538.2204861111111,2.5906735751295336,Kraken,Kraken,0.7967,"[{""name"": ""Kraken"", ""score"": 0.7967}, {""name"": ""Coinbase"", ""score"": 0.1767}, {""name"": ""Binance"", ""score"": 0.0267}]",False,0.17338263373274443,False
0xdfb321988b6a7e0c7f427d3b237591212d8b1005,Kraken,1000.0,1000.0,1000.0,500.0,0.5,15.811388300841896,78.0,86.8102662037037,12.82051282051282,Kraken,Kraken,0.9667,"[{""name"": ""Kraken"", ""score"": 0.9667}, {""name"": ""Coinbase"", ""score"": 0.0333}, {""name"": ""Binance"", ""score"": 0.0}]",False,0.22912472494376573,False
0x3d447db5366c5ec22079597ff9dec7bf4429a3e4,Kraken,1000.0,1000.0,1000.0,5.227815804980867,0.0052278158049808,0.1303460515450719,163.0,198.29680555555555,6.134969325153374,Kraken,Kraken,0.86,"[{""name"": ""Kraken"", ""score"": 0.86}, {""name"": ""Binance"", ""score"": 0.1333}, {""name"": ""Coinbase"", ""score"": 0.0067}]",False,0.22791042286804314,False
0x43984d578803891dfa9706bdeee6078d80cfc79e,Kraken,1000.0,1000.0,998.0,100.0,0.1,3.16227766016838,91.0,90.63721064814816,10.989010989010987,Kraken,Kraken,1.0,"[{""name"": ""Kraken"", ""score"": 1.0}, {""name"": ""Binance"", ""score"": 0.0}, {""name"": ""Coinbase"", ""score"": 0.0}]",False,0.23303990780958378,False
0x66c57bf505a85a74609d2c83e94aabb26d691e1f,Kraken,1000.0,1000.0,1000.0,100.0,0.1,3.16227766016838,35.0,33.793078703703706,28.571428571428573,Kraken,Kraken,0.9233,"[{""name"": ""Kraken"", ""score"": 0.9233}, {""name"": ""Binance"", ""score"": 0.0733}, {""name"": ""Coinbase"", ""score"": 0.0033}]",False,0.2279273992906684,False
0x2d582746709928a6f66f5be9bec195c5b49bc7c1,Kraken,1000.0,1000.0,1000.0,3.007496314499086,0.003007496314499,0.0948681098334983,124.0,136.19027777777777,8.064516129032258,Kraken,UNKNOWN,0.4867,"[{""name"": ""Kraken"", ""score"": 0.4867}, {""name"": ""Coinbase"", ""score"": 0.47}, {""name"": ""Binance"", ""score"": 0.0433}]",True,0.23214322414037736,False
0xa6715eafe5d215b82cb9e90a9d6c8970a7c90033,Kraken,628.0,628.0,628.0,1735230.3167182745,2763.105599869864,11674.470171163135,257.0,586.5873611111111,2.443579766536965,Binance,Binance,0.6367,"[{""name"": ""Binance"", ""score"": 0.6367}, {""name"": ""Kraken"", ""score"": 0.2767}, {""name"": ""Coinbase"", ""score"": 0.0867}]",False,-0.006478367761994508,True
0x29728d0efd284d85187362faa2d4d76c2cfc2612,Kraken,1000.0,1000.0,999.0,500.0,0.5,15.811388300841896,23.0,25.97984953703704,43.47826086956522,Kraken,Kraken,0.87,"[{""name"": ""Kraken"", ""score"": 0.87}, {""name"": ""Coinbase"", ""score"": 0.07}, {""name"": ""Binance"", ""score"": 0.06}]",False,0.22304928967463056,False
0x92927a664c88449318e14d0fd582c787ae2cd934,Kraken,1.0,1.0,1.0,0.003,0.003,0.0,1.0,0.0,1.0,Coinbase,Coinbase,0.9871,"[{""name"": ""Coinbase"", ""score"": 0.9871}, {""name"": ""Kraken"", ""score"": 0.0129}, {""name"": ""Binance"", ""score"": 0.0}]",False,0.21983047342903894,False
0xc538f3351e0b8d3ed53402ea8f316898c160ca29,Kraken,1000.0,1000.0,1000.0,4.929376891301738,0.0049293768913017,0.1426051800733882,180.0,220.60680555555555,5.555555555555555,Kraken,Kraken,0.99,"[{""name"": ""Kraken"", ""score"": 0.99}, {""name"": ""Binance"", ""score"": 0.01}, {""name"": ""Coinbase"", ""score"": 0.0}]",False,0.2297228735031061,False
0x490b1e689ca23be864e55b46bf038e007b528208,Kraken,86.0,86.0,86.0,379925.04,4417.733023255813,7043.307755201231,36.0,901.0945833333334,2.388888888888889,Coinbase,Coinbase,0.6167,"[{""name"": ""Coinbase"", ""score"": 0.6167}, {""name"": ""Kraken"", ""score"": 0.22}, {""name"": ""Binance"", ""score"": 0.1633}]",False,0.10655639029505526,False
0xe80e404cfc2ce9ffc0a30b368b0f963dfc708eb5,Kraken,1000.0,1000.0,1000.0,100.0,0.1,3.16227766016838,47.0,53.117731481481485,21.27659574468085,Kraken,Kraken,0.9133,"[{""name"": ""Kraken"", ""score"": 0.9133}, {""name"": ""Coinbase"", ""score"": 0.0867}, {""name"": ""Binance"", ""score"": 0.0}]",False,0.23166265147452575,False
0x839787cb401d53d0ba6794ecb78c5199eeac34d7,Kraken,1000.0,1000.0,1000.0,5.026615483315924,0.0050266154833159,0.1581133419920204,96.0,104.275,10.416666666666666,Kraken,Kraken,1.0,"[{""name"": ""Kraken"", ""score"": 1.0}, {""name"": ""Binance"", ""score"": 0.0}, {""name"": ""Coinbase"", ""score"": 0.0}]",False,0.23119518683190748,False
0x6beb80178a63aee95620f4d30f2e992385ad2207,Kraken,1000.0,1000.0,1000.0,1.025898262452086,0.001025898262452,0.0316221480201805,30.0,29.471805555555555,33.333333333333336,Coinbase,UNKNOWN,0.5067,"[{""name"": ""Coinbase"", ""score"": 0.5067}, {""name"": ""Kraken"", ""score"": 0.4067}, {""name"": ""Binance"", ""score"": 0.0867}]",True,0.2259569637208435,False
0x1e4bf013652c59ae6acda550bf49074268b7efa2,Kraken,908.0,908.0,908.0,9.711876599458291,0.0106958993386104,0.2060659350459509,305.0,481.78375,2.9770491803278687,Kraken,Kraken,0.9567,"[{""name"": ""Kraken"", ""score"": 0.9567}, {""name"": ""Coinbase"", ""score"": 0.03}, {""name"": ""Binance"", ""score"": 0.0133}]",False,0.1886440705853783,False
0x9b2c49f34aa754f299f3ff0161041ebf31140f4c,Kraken,997.0,997.0,997.0,9.591808144544489,0.0096206701550095,0.1933743369551377,350.0,481.7863888888889,2.8485714285714288,Kraken,Kraken,0.9,"[{""name"": ""Kraken"", ""score"": 0.9}, {""name"": ""Coinbase"", ""score"": 0.1}, {""name"": ""Binance"", ""score"": 0.0}]",False,0.1986086913681484,False
0x310e035d176ccb589511ed16af7ae7bac4fc7f83,Kraken,1000.0,1000.0,1000.0,101.004432237907,0.1010044322379069,3.162403978500574,369.0,602.0756944444445,2.710027100271003,Kraken,Kraken,1.0,"[{""name"": ""Kraken"", ""score"": 1.0}, {""name"": ""Binance"", ""score"": 0.0}, {""name"": ""Coinbase"", ""score"": 0.0}]",False,0.20545404276690044,False
0xa4a6a282a7fc7f939e01d62d884355d79f5046c1,Kraken,30.0,30.0,30.0,260759.9,8691.996666666666,32972.26666719695,15.0,2727.128761574074,2.0,Coinbase,Coinbase,0.84,"[{""name"": ""Coinbase"", ""score"": 0.84}, {""name"": ""Kraken"", ""score"": 0.14}, {""name"": ""Binance"", ""score"": 0.02}]",False,0.026754405388857427,False
0xa25aa6dfbf6d9bbd7a6a9eb47b9f1e57a2bd92d7,Kraken,1000.0,1000.0,1000.0,100.0,0.1,3.16227766016838,47.0,49.72116898148148,21.27659574468085,Kraken,Kraken,0.9667,"[{""name"": ""Kraken"", ""score"": 0.9667}, {""name"": ""Coinbase"", ""score"": 0.0267}, {""name"": ""Binance"", ""score"": 0.0067}]",False,0.2314702997003119,False
0x3c246f5f8f705318250c0bc32724a7f75bde54b1,Kraken,1000.0,1000.0,1000.0,5.164520598837206,0.0051645205988372,0.1581404834411323,194.0,219.3361111111111,5.154639175257732,Kraken,Kraken,0.95,"[{""name"": ""Kraken"", ""score"": 0.95}, {""name"": ""Binance"", ""score"": 0.0433}, {""name"": ""Coinbase"", ""score"": 0.0067}]",False,0.23019048793069452,False
0xfa52274dd61e1643d2205169732f29114bc240b3,Kraken,1000.0,1000.0,998.0,343168.56378008326,343.1685637800833,2026.12238415771,2.0,1.0722453703703705,500.0,Binance,Binance,0.6167,"[{""name"": ""Binance"", ""score"": 0.6167}, {""name"": ""Kraken"", ""score"": 0.26}, {""name"": ""Coinbase"", ""score"": 0.1233}]",False,0.018016910409731968,False
0x47445762435054e4b67dfd5a3fc3956a97958af4,Kraken,1000.0,1000.0,1000.0,5.380801051842119,0.0053808010518421,0.1581351182788976,64.0,78.57416666666667,15.625,Kraken,Kraken,0.96,"[{""name"": ""Kraken"", ""score"": 0.96}, {""name"": ""Coinbase"", ""score"": 0.0367}, {""name"": ""Binance"", ""score"": 0.0033}]",False,0.23384375637779886,False
0x4c6007e38ce164ed80ff8ff94192225fcdac68cd,Kraken,1000.0,1000.0,1000.0,500.0,0.5,15.811388300841896,31.0,32.46299768518519,32.25806451612903,Kraken,Kraken,0.9267,"[{""name"": ""Kraken"", ""score"": 0.9267}, {""name"": ""Coinbase"", ""score"": 0.04}, {""name"": ""Binance"", ""score"": 0.0333}]",False,0.22345211319338537,False
0x0a869d79a7052c7f1b55a8ebabbea3420f0d1e13,Kraken,1000.0,1000.0,1000.0,99.99941632511266,0.0999994163251126,3.162259202747808,1.0,0.1060185185185185,1000.0,Kraken,UNKNOWN,0.4633,"[{""name"": ""Kraken"", ""score"": 0.4633}, {""name"": ""Coinbase"", ""score"": 0.3133}, {""name"": ""Binance"", ""score"": 0.2233}]",True,0.07154224174452162,False
0xb61bb0c3f4afc30b1d8dbcb8767c0e38c4829322,Kraken,1000.0,1000.0,1000.0,5.031469043519878,0.0050314690435198,0.1581153679427333,126.0,127.03166666666668,7.936507936507937,Kraken,Kraken,1.0,"[{""name"": ""Kraken"", ""score"": 1.0}, {""name"": ""Binance"", ""score"": 0.0}, {""name"": ""Coinbase"", ""score"": 0.0}]",False,0.23158727514852806,False
0x181020fb8481217fa5c843f0c4e62a4ea236c4d9,Kraken,1000.0,1000.0,1000.0,5.125401913265524,0.0051254019132655,0.1303491330075117,155.0,158.99541666666667,6.451612903225806,Kraken,Kraken,0.9967,"[{""name"": ""Kraken"", ""score"": 0.9967}, {""name"": ""Binance"", ""score"": 0.0033}, {""name"": ""Coinbase"", ""score"": 0.0}]",False,0.22800082640071379,False
0x34e8ed33d8c1953b33de603b014079c578e01716,Kraken,1000.0,1000.0,1000.0,5.080817763911853,0.0050808177639118,0.1303506134499518,81.0,96.25527777777778,12.34567901234568,Kraken,Kraken,0.9467,"[{""name"": ""Kraken"", ""score"": 0.9467}, {""name"": ""Binance"", ""score"": 0.05}, {""name"": ""Coinbase"", ""score"": 0.0033}]",False,0.23397222264104578,False
0x07fdda8fc50f7df742b850a51e5871135f45b557,Kraken,1000.0,1000.0,1000.0,5.269372905695593,0.0052693729056955,0.1581375249156779,34.0,50.177083333333336,29.41176470588235,Kraken,Kraken,0.6567,"[{""name"": ""Kraken"", ""score"": 0.6567}, {""name"": ""Coinbase"", ""score"": 0.18}, {""name"": ""Binance"", ""score"": 0.1633}]",False,0.22859603613628354,False
0xf1f7648f81f5219c36d75d24d33811f16b426dbe,Kraken,1000.0,1000.0,1000.0,102.0123,0.1020123,3.162529879254248,10.0,10.23943287037037,100.0,Binance,Binance,0.6333,"[{""name"": ""Binance"", ""score"": 0.6333}, {""name"": ""Kraken"", ""score"": 0.2733}, {""name"": ""Coinbase"", ""score"": 0.0933}]",False,0.20810627674794452,False
0x205188a68430e94f80a512038329030c556b50ff,Kraken,1000.0,1000.0,1000.0,5.064828916519343,0.0050648289165193,0.1303510874572238,128.0,134.79347222222222,7.8125,Kraken,Kraken,0.9967,"[{""name"": ""Kraken"", ""score"": 0.9967}, {""name"": ""Binance"", ""score"": 0.0033}, {""name"": ""Coinbase"", ""score"": 0.0}]",False,0.23102635214318717,False
0x0a332d03367366dd5fd3a554ef8f8b47ed36e591,Kraken,1000.0,1000.0,1000.0,101.0,0.101,3.162404117091898,239.0,279.5126736111111,4.184100418410042,Kraken,Kraken,0.9967,"[{""name"": ""Kraken"", ""score"": 0.9967}, {""name"": ""Coinbase"", ""score"": 0.0033}, {""name"": ""Binance"", ""score"": 0.0}]",False,0.2275628273010703,False
0xc06f25517e906b7f9b4dec3c7889503bb00b3370,Kraken,1000.0,1000.0,1000.0,451.0400005737,0.4510400005737,13.948911629712766,97.0,257.2038888888889,10.309278350515465,Kraken,Kraken,0.7367,"[{""name"": ""Kraken"", ""score"": 0.7367}, {""name"": ""Coinbase"", ""score"": 0.2333}, {""name"": ""Binance"", ""score"": 0.03}]",False,0.22535316040280245,False
0xcd0267c7f1a8ad1b6e33b7fb801f8d935f6b557d,Kraken,1000.0,1000.0,1000.0,101.0,0.101,3.162404117091898,318.0,511.1082523148148,3.1446540880503147,Kraken,Kraken,1.0,"[{""name"": ""Kraken"", ""score"": 1.0}, {""name"": ""Binance"", ""score"": 0.0}, {""name"": ""Coinbase"", ""score"": 0.0}]",False,0.2167637485345617,False
0x99fa9468170a622c8abfde7b19bb84b64a203fbd,Kraken,1000.0,1000.0,1000.0,101.0,0.101,3.162404117091898,301.0,351.76145833333334,3.3222591362126246,Kraken,Kraken,0.9967,"[{""name"": ""Kraken"", ""score"": 0.9967}, {""name"": ""Coinbase"", ""score"": 0.0033}, {""name"": ""Binance"", ""score"": 0.0}]",False,0.22175339739099786,False
0x2910543af39aba0cd09dbb2d50200b3e800a63d2,Kraken,1000.0,1000.0,1000.0,1988486.3177578908,1988.486317757891,8124.742932501664,3.0,2.0843055555555554,333.3333333333333,Kraken,Kraken,0.7433,"[{""name"": ""Kraken"", ""score"": 0.7433}, {""name"": ""Coinbase"", ""score"": 0.2067}, {""name"": ""Binance"", ""score"": 0.05}]",False,-0.03718091873586293,True
0x16e48112198b49a14991ae8a9d5eae9e18d4714a,Kraken,1000.0,1000.0,1000.0,100.11848690624116,0.1001184869062411,3.130779244439484,362.0,630.3786921296296,2.7624309392265194,Kraken,Kraken,0.9967,"[{""name"": ""Kraken"", ""score"": 0.9967}, {""name"": ""Coinbase"", ""score"": 0.0033}, {""name"": ""Binance"", ""score"": 0.0}]",False,0.20400845570044096,False
0x561f469012f0ee6f0ea2e851cc02723a82dc331c,Kraken,1000.0,1000.0,1000.0,6.030539820235643,0.0060305398202356,0.1612130460184535,55.0,72.63333333333334,18.181818181818183,Kraken,Kraken,0.6133,"[{""name"": ""Kraken"", ""score"": 0.6133}, {""name"": ""Coinbase"", ""score"": 0.38}, {""name"": ""Binance"", ""score"": 0.0067}]",False,0.23360080437839104,False
0x317128b5cd8ea4e0fb8665b36aa399ea18b7118b,Kraken,1000.0,1000.0,1000.0,5.180995329687716,0.0051809953296877,0.1048076043733972,148.0,206.57097222222225,6.756756756756757,Kraken,UNKNOWN,0.57,"[{""name"": ""Kraken"", ""score"": 0.57}, {""name"": ""Binance"", ""score"": 0.2933}, {""name"": ""Coinbase"", ""score"": 0.1367}]",True,0.22862336028011687,False
0x8b8cd3560e9e7ad464740cbfe031bf941747b76e,Kraken,323.0,323.0,323.0,13.894550376846135,0.043017183829245,0.4787663258822964,108.0,1030.1193055555557,2.990740740740741,Kraken,Kraken,0.7167,"[{""name"": ""Kraken"", ""score"": 0.7167}, {""name"": ""Binance"", ""score"": 0.1833}, {""name"": ""Coinbase"", ""score"": 0.1}]",False,0.15147067260134967,False
0xc0fce7361f72227972562b3c87812e1dea1c9cac,Kraken,1000.0,1000.0,1000.0,5.055551439575953,0.0050555514395759,0.1303514611176993,124.0,127.22736111111112,8.064516129032258,Kraken,Kraken,0.9933,"[{""name"": ""Kraken"", ""score"": 0.9933}, {""name"": ""Binance"", ""score"": 0.0033}, {""name"": ""Coinbase"", ""score"": 0.0033}]",False,0.23221029523941478,False
0x7217f8a697713f6f7de06cfcd80b76a2cba375f0,Kraken,1000.0,1000.0,1000.0,50.129370979671954,0.0501293709796719,1.4288208814966232,45.0,50.75277777777778,22.22222222222222,Kraken,Kraken,0.7233,"[{""name"": ""Kraken"", ""score"": 0.7233}, {""name"": ""Binance"", ""score"": 0.1667}, {""name"": ""Coinbase"", ""score"": 0.11}]",False,0.23088826070185653,False
0x1f7bc4da1a0c2e49d7ef542f74cd46a3fe592cb1,Kraken,0.0,0.0,0.0,0.0,0.0,0.0,0.0,0.0,0.0,Coinbase,UNKNOWN,0.7804,"[{""name"": ""Coinbase"", ""score"": 0.7804}, {""name"": ""Kraken"", ""score"": 0.2196}, {""name"": ""Binance"", ""score"": 0.0}]",True,0.21532009827519416,True
0x491f5512751f5db45c5415049d423affaae70392,Kraken,1000.0,1000.0,1000.0,101.0,0.101,3.162404117091898,190.0,198.75243055555555,5.2631578947368425,Kraken,Kraken,0.9967,"[{""name"": ""Kraken"", ""score"": 0.9967}, {""name"": ""Binance"", ""score"": 0.0033}, {""name"": ""Coinbase"", ""score"": 0.0}]",False,0.23009520833931607,False
0x8af3827a41c26c7f32c81e93bb66e837e0210d5c,Kraken,1000.0,1000.0,1000.0,50.19388536652829,0.0501938853665282,1.4288188461888196,25.0,29.57,40.0,Kraken,UNKNOWN,0.5733,"[{""name"": ""Kraken"", ""score"": 0.5733}, {""name"": ""Binance"", ""score"": 0.39}, {""name"": ""Coinbase"", ""score"": 0.0367}]",True,0.2268184233428187,False
0xf7cd385cb9a442358b892b14301f6310e57cc5c9,Kraken,1000.0,1000.0,1000.0,500.0,0.5,15.811388300841896,8.0,7.056666666666667,125.0,Binance,UNKNOWN,0.49,"[{""name"": ""Binance"", ""score"": 0.49}, {""name"": ""Kraken"", ""score"": 0.41}, {""name"": ""Coinbase"", ""score"": 0.1}]",True,0.20519845012653476,False
0xe84f75fc9caa49876d0ba18d309da4231d44e94d,Kraken,16.0,16.0,14.0,0.04,0.0025,0.0057735026918962,4.0,358.12597222222223,4.0,Coinbase,Coinbase,0.9467,"[{""name"": ""Coinbase"", ""score"": 0.9467}, {""name"": ""Binance"", ""score"": 0.03}, {""name"": ""Kraken"", ""score"": 0.0233}]",False,0.22173703889914476,False
0x90e8f9cd751f66029a203f865c01baec1ca86c73,Kraken,1000.0,1000.0,1000.0,101.0,0.101,3.162404117091898,260.0,464.4199537037037,3.8461538461538463,Kraken,Kraken,0.9967,"[{""name"": ""Kraken"", ""score"": 0.9967}, {""name"": ""Coinbase"", ""score"": 0.0033}, {""name"": ""Binance"", ""score"": 0.0}]",False,0.2242350800242192,False
0xaddb27092681351a19ceb737214cad46a30176e3,Kraken,1000.0,1000.0,1000.0,100.0,0.1,3.16227766016838,223.0,250.97458333333333,4.484304932735426,Kraken,Kraken,1.0,"[{""name"": ""Kraken"", ""score"": 1.0}, {""name"": ""Binance"", ""score"": 0.0}, {""name"": ""Coinbase"", ""score"": 0.0}]",False,0.22949394671988915,False
0x23d4df4631aa3ca30653d3c29c0eeef607b1d9fd,Kraken,1000.0,1000.0,1000.0,6.1526838302024,0.0061526838302024,0.1340924188994138,126.0,167.1186111111111,7.936507936507937,Kraken,Kraken,0.9633,"[{""name"": ""Kraken"", ""score"": 0.9633}, {""name"": ""Binance"", ""score"": 0.03}, {""name"": ""Coinbase"", ""score"": 0.0067}]",False,0.23173583938829828,False
0xa0dfe02e17b6f82c10bc04fdfc0dec8e8e53b309,Kraken,1000.0,1000.0,1000.0,101.0,0.101,3.162404117091899,325.0,427.5989699074074,3.076923076923077,Kraken,Kraken,1.0,"[{""name"": ""Kraken"", ""score"": 1.0}, {""name"": ""Binance"", ""score"": 0.0}, {""name"": ""Coinbase"", ""score"": 0.0}]",False,0.2171480600223149,False
0xd8f8a53945bcfbbc19da162aa405e662ef71c40d,Kraken,1000.0,1000.0,1000.0,100.0,0.1,3.16227766016838,197.0,209.59101851851847,5.076142131979696,Kraken,Kraken,0.9967,"[{""name"": ""Kraken"", ""score"": 0.9967}, {""name"": ""Binance"", ""score"": 0.0033}, {""name"": ""Coinbase"", ""score"": 0.0}]",False,0.2295660817452138,False
0x10eff6869391417bf83770e6245d298ed58ded02,Kraken,1000.0,1000.0,1000.0,101.0,0.101,3.1624041170919,236.0,305.5915277777778,4.237288135593221,Kraken,Kraken,0.9933,"[{""name"": ""Kraken"", ""score"": 0.9933}, {""name"": ""Coinbase"", ""score"": 0.0067}, {""name"": ""Binance"", ""score"": 0.0}]",False,0.23012337636614533,False
0xec6a3cec61159701a017174d2c0236706f91c94f,Kraken,1000.0,1000.0,1000.0,101.09428327285724,0.1010942832728572,3.162401152568181,413.0,700.2312384259259,2.4213075060532687,Kraken,Kraken,0.8433,"[{""name"": ""Kraken"", ""score"": 0.8433}, {""name"": ""Coinbase"", ""score"": 0.1567}, {""name"": ""Binance"", ""score"": 0.0}]",False,0.19493781090032708,False
0x1ed8b3e4278184675fefa6981dea36f4535df417,Kraken,1000.0,1000.0,1000.0,517629.73360658746,517.6297336065875,2477.059204324199,194.0,364.03277777777777,5.154639175257732,Kraken,Kraken,0.6733,"[{""name"": ""Kraken"", ""score"": 0.6733}, {""name"": ""Binance"", ""score"": 0.2}, {""name"": ""Coinbase"", ""score"": 0.1267}]",False,0.0979197070126297,False
0xa1cdbc1a4178c17116bdb56c946e8b0757c8dcec,Kraken,521.0,521.0,521.0,161.9767032166478,0.3108957835252356,0.3130038463661075,354.0,743.4761689814815,1.4717514124293785,Coinbase,Coinbase,0.6967,"[{""name"": ""Coinbase"", ""score"": 0.6967}, {""name"": ""Kraken"", ""score"": 0.27}, {""name"": ""Binance"", ""score"": 0.0333}]",False,0.11409353027578839,False
0x94dbf04e273d87e6d9bed68c616f43bf86560c74,Kraken,1000.0,1000.0,1000.0,177086.44694448958,177.08644694448958,3132.863631572436,28.0,77.29097222222222,35.714285714285715,Coinbase,UNKNOWN,0.4967,"[{""name"": ""Coinbase"", ""score"": 0.4967}, {""name"": ""Kraken"", ""score"": 0.3567}, {""name"": ""Binance"", ""score"": 0.1467}]",True,0.1260273871028713,False
0x8dfee7dbd859989bf3e80c4f64c42b7cd283671b,Kraken,1000.0,1000.0,1000.0,101.0,0.101,3.162404117091899,150.0,153.67940972222223,6.666666666666667,Kraken,Kraken,1.0,"[{""name"": ""Kraken"", ""score"": 1.0}, {""name"": ""Binance"", ""score"": 0.0}, {""name"": ""Coinbase"", ""score"": 0.0}]",False,0.2273850919961275,False
0x501b86ac0de6958da2f9250194d15d8aae985861,Kraken,1000.0,1000.0,1000.0,100.0,0.1,3.16227766016838,87.0,373.3551967592593,11.494252873563218,Kraken,Kraken,0.9333,"[{""name"": ""Kraken"", ""score"": 0.9333}, {""name"": ""Binance"", ""score"": 0.0367}, {""name"": ""Coinbase"", ""score"": 0.03}]",False,0.22455303048423525,False
0xd0ad6ed2b2920a5744a064af3d585ee54f528b2f,Kraken,1000.0,1000.0,1000.0,10.002203040658427,0.0100022030406584,0.3162277039547136,189.0,272.4913888888889,5.291005291005291,Kraken,Kraken,0.99,"[{""name"": ""Kraken"", ""score"": 0.99}, {""name"": ""Coinbase"", ""score"": 0.0067}, {""name"": ""Binance"", ""score"": 0.0033}]",False,0.22932051098455125,False
0xd4039ecc40aeda0582036437cf3ec02845da4c13,Kraken,1000.0,1000.0,1000.0,255392.0,255.392,372.25775770851857,37.0,37.92730324074074,27.027027027027028,Coinbase,Coinbase,0.6933,"[{""name"": ""Coinbase"", ""score"": 0.6933}, {""name"": ""Kraken"", ""score"": 0.2767}, {""name"": ""Binance"", ""score"": 0.03}]",False,0.1500201468688111,False
0xf4dd9bc7ae7ae04502ec85fb9f4ee0463e905b20,Kraken,68.0,68.0,35.0,2001.04,29.42705882352941,170.21129446765482,34.0,703.7136111111112,2.0,Binance,UNKNOWN,0.5567,"[{""name"": ""Binance"", ""score"": 0.5567}, {""name"": ""Coinbase"", ""score"": 0.32}, {""name"": ""Kraken"", ""score"": 0.1233}]",True,0.17132712169026326,False
0xec7e38643787f4e971226ce7dad720d12b803b00,Kraken,1000.0,1000.0,1000.0,5.083987190461548,0.0050839871904615,0.1303506175474075,291.0,454.3286111111111,3.436426116838488,Kraken,Kraken,0.8967,"[{""name"": ""Kraken"", ""score"": 0.8967}, {""name"": ""Coinbase"", ""score"": 0.0833}, {""name"": ""Binance"", ""score"": 0.02}]",False,0.21911682155240636,False
0xa2f443492bbb1b041fceee5194e2bc133ecc6407,Kraken,699.0,699.0,699.0,199.32897893237248,0.285163059989088,5.299876803932331,364.0,1089.9315277777778,1.9203296703296704,Kraken,Kraken,0.6567,"[{""name"": ""Kraken"", ""score"": 0.6567}, {""name"": ""Coinbase"", ""score"": 0.2867}, {""name"": ""Binance"", ""score"": 0.0567}]",False,0.11326477664282608,False
0xac972a4c5d82e8c42fa13ee338708c9a3f5d5a93,Kraken,1000.0,1000.0,1000.0,100.08321193153208,0.100083211931532,3.13078031109158,388.0,850.65125,2.577319587628866,Kraken,Kraken,1.0,"[{""name"": ""Kraken"", ""score"": 1.0}, {""name"": ""Binance"", ""score"": 0.0}, {""name"": ""Coinbase"", ""score"": 0.0}]",False,0.19005277941747617,False
0x26a78d5b6d7a7aceedd1e6ee3229b372a624d8b7,Kraken,1000.0,1000.0,1000.0,500.0,0.5,15.811388300841896,27.0,25.914988425925927,37.03703703703704,Kraken,Kraken,0.97,"[{""name"": ""Kraken"", ""score"": 0.97}, {""name"": ""Coinbase"", ""score"": 0.02}, {""name"": ""Binance"", ""score"": 0.01}]",False,0.2231889097310617,False
0x14af4dc16c65fd0c43937d7c6fc8f443da29d0bb,Kraken,1000.0,1000.0,1000.0,5.278502031987864,0.0052785020319878,0.1581376230692686,56.0,68.76069444444444,17.857142857142858,Kraken,UNKNOWN,0.5867,"[{""name"": ""Kraken"", ""score"": 0.5867}, {""name"": ""Coinbase"", ""score"": 0.4067}, {""name"": ""Binance"", ""score"": 0.0067}]",True,0.23305405815920305,False
0xa7872e5841a9bc7dc2341693c37172015fc63042,Kraken,1000.0,1000.0,1000.0,101.0,0.101,3.162404117091899,372.0,558.7293171296296,2.6881720430107525,Kraken,Kraken,0.9933,"[{""name"": ""Kraken"", ""score"": 0.9933}, {""name"": ""Coinbase"", ""score"": 0.0067}, {""name"": ""Binance"", ""score"": 0.0}]",False,0.20611122176547525,False
0x736f94dc0c5616063f01e3f5b822d152f38feb96,Kraken,1000.0,1000.0,1000.0,5.154380449623259,0.0051543804496232,0.1303483018571378,67.0,82.20555555555555,14.92537313432836,Kraken,Kraken,0.9567,"[{""name"": ""Kraken"", ""score"": 0.9567}, {""name"": ""Coinbase"", ""score"": 0.0233}, {""name"": ""Binance"", ""score"": 0.02}]",False,0.23451424023159934,False
0xa939bffb33bed18dc0063737cb9ea41a1fdb2fe3,Kraken,1000.0,1000.0,1000.0,500.0,0.5,15.811388300841896,161.0,170.12988425925926,6.211180124223603,Kraken,Kraken,0.9667,"[{""name"": ""Kraken"", ""score"": 0.9667}, {""name"": ""Binance"", ""score"": 0.03}, {""name"": ""Coinbase"", ""score"": 0.0033}]",False,0.21968771672746668,False
0x39ed68f2087dca23f76792eca8f39508e74d82e5,Kraken,1000.0,1000.0,1000.0,160294.73669722333,160.29473669722333,2118.3199811749305,116.0,138.36819444444444,8.620689655172415,Coinbase,UNKNOWN,0.46,"[{""name"": ""Coinbase"", ""score"": 0.46}, {""name"": ""Binance"", ""score"": 0.43}, {""name"": ""Kraken"", ""score"": 0.11}]",True,0.14111813242930799,False
0x618a9141045db7b2e28b3edda56bfbeee0e65ec1,Kraken,1000.0,1000.0,1000.0,10.123296866741324,0.0101232968667413,0.3162247151024669,294.0,417.2116666666666,3.401360544217687,Kraken,Kraken,0.96,"[{""name"": ""Kraken"", ""score"": 0.96}, {""name"": ""Coinbase"", ""score"": 0.03}, {""name"": ""Binance"", ""score"": 0.01}]",False,0.21938680852149972,False
0xc27c52de4e294eafbfede1521088f4e073c42fd2,Kraken,1000.0,1000.0,1000.0,190735.9526838568,190.7359526838568,652.7405326836018,199.0,415.3231944444444,5.025125628140704,Kraken,UNKNOWN,0.5033,"[{""name"": ""Kraken"", ""score"": 0.5033}, {""name"": ""Binance"", ""score"": 0.45}, {""name"": ""Coinbase"", ""score"": 0.0467}]",True,0.15056103817977162,False
0x6eebda76e452f2f95867d56b70f1224148bf6bfc,Kraken,1000.0,1000.0,1000.0,101.0001,0.1010001,3.162404113896513,321.0,641.7526157407408,3.115264797507788,Kraken,Kraken,1.0,"[{""name"": ""Kraken"", ""score"": 1.0}, {""name"": ""Binance"", ""score"": 0.0}, {""name"": ""Coinbase"", ""score"": 0.0}]",False,0.20934184164699682,False
0xe1498a9ef5c6aa51790a642f70c31238326b1724,Kraken,1000.0,1000.0,1000.0,500.0,0.5,15.811388300841896,38.0,37.10494212962963,26.31578947368421,Kraken,Kraken,0.9233,"[{""name"": ""Kraken"", ""score"": 0.9233}, {""name"": ""Binance"", ""score"": 0.05}, {""name"": ""Coinbase"", ""score"": 0.0267}]",False,0.22651918909574348,False
0xf72d20ff0972a36b01412cddda0bb1ba1a9d3d93,Kraken,1000.0,1000.0,1000.0,101.04605688575032,0.1010460568857503,3.1624026603996627,396.0,902.9428819444444,2.525252525252525,Kraken,Kraken,0.9967,"[{""name"": ""Kraken"", ""score"": 0.9967}, {""name"": ""Coinbase"", ""score"": 0.0033}, {""name"": ""Binance"", ""score"": 0.0}]",False,0.18334351546425282,False
0xa83b11093c858c86321fbc4c20fe82cdbd58e09e,Kraken,1000.0,1000.0,1000.0,500.0,0.5,15.811388300841896,25.0,32.55864583333334,40.0,Kraken,Kraken,0.8967,"[{""name"": ""Kraken"", ""score"": 0.8967}, {""name"": ""Binance"", ""score"": 0.0633}, {""name"": ""Coinbase"", ""score"": 0.04}]",False,0.22404918571581972,False
0xe6f5b8d420a8427e1718aa53bda05fc741a76fb6,Kraken,13.0,13.0,13.0,300000.0930752015,23076.93023655396,47676.79263661837,9.0,167.23694444444445,1.4444444444444444,Coinbase,Coinbase,0.6333,"[{""name"": ""Coinbase"", ""score"": 0.6333}, {""name"": ""Kraken"", ""score"": 0.3633}, {""name"": ""Binance"", ""score"": 0.0033}]",False,0.05201594244473662,False
0xe853c56864a2ebe4576a807d26fdc4a0ada51919,Kraken,261.0,261.0,261.0,8974350.95700027,34384.48642528839,102130.4182678558,105.0,3505.403935185185,2.4857142857142858,Binance,UNKNOWN,0.5833,"[{""name"": ""Binance"", ""score"": 0.5833}, {""name"": ""Coinbase"", ""score"": 0.3267}, {""name"": ""Kraken"", ""score"": 0.09}]",True,-0.17893967028983693,True
0xe62e39a62672b54928ec3bce10fd0368a628afbc,Kraken,1000.0,1000.0,1000.0,101.0,0.101,3.162404117091898,270.0,553.6916550925926,3.703703703703704,Kraken,Kraken,1.0,"[{""name"": ""Kraken"", ""score"": 1.0}, {""name"": ""Binance"", ""score"": 0.0}, {""name"": ""Coinbase"", ""score"": 0.0}]",False,0.21948564453161334,False
0x8f9c79b9de8b0713dcac3e535fc5a1a92db6ea2d,Kraken,1.0,1.0,1.0,8e-05,8e-05,0.0,1.0,0.0,1.0,Coinbase,Coinbase,0.9689,"[{""name"": ""Coinbase"", ""score"": 0.9689}, {""name"": ""Kraken"", ""score"": 0.0311}, {""name"": ""Binance"", ""score"": 0.0}]",False,0.22054436909621128,False
0x6c92e0e6a9984c0f44677f678e8fc10bebe3de64,Kraken,1000.0,1000.0,1000.0,51.0,0.051,1.5814233778150306,235.0,541.2986111111111,4.25531914893617,Kraken,Kraken,0.9867,"[{""name"": ""Kraken"", ""score"": 0.9867}, {""name"": ""Coinbase"", ""score"": 0.0133}, {""name"": ""Binance"", ""score"": 0.0}]",False,0.22249565836844865,False
0xe6a02eefc2612b13f2b3b914009576ce5495ec0e,Kraken,0.0,0.0,0.0,0.0,0.0,0.0,0.0,0.0,0.0,Coinbase,UNKNOWN,0.7804,"[{""name"": ""Coinbase"", ""score"": 0.7804}, {""name"": ""Kraken"", ""score"": 0.2196}, {""name"": ""Binance"", ""score"": 0.0}]",True,0.21532009827519416,True
0xc6bed363b30df7f35b601a5547fe56cd31ec63da,Kraken,1000.0,1000.0,1000.0,100.0,0.1,3.16227766016838,24.0,23.102685185185184,41.66666666666666,Kraken,Kraken,0.9067,"[{""name"": ""Kraken"", ""score"": 0.9067}, {""name"": ""Binance"", ""score"": 0.07}, {""name"": ""Coinbase"", ""score"": 0.0233}]",False,0.2265056390137572,False
0xe1688074bf6eff74f77466159bd5506f6ea3635d,Kraken,1000.0,1000.0,1000.0,100.06941720693386,0.1000694172069338,3.130780759660536,365.0,683.6218055555555,2.73972602739726,Kraken,Kraken,1.0,"[{""name"": ""Kraken"", ""score"": 1.0}, {""name"": ""Binance"", ""score"": 0.0}, {""name"": ""Coinbase"", ""score"": 0.0}]",False,0.20270458484018994,False
0x6d0cf1f651f5ae585d24dcaa188d44e389e93d26,Kraken,1000.0,1000.0,1000.0,101.0,0.101,3.162404117091898,5.0,29.129953703703706,200.0,Kraken,UNKNOWN,0.4767,"[{""name"": ""Kraken"", ""score"": 0.4767}, {""name"": ""Binance"", ""score"": 0.34}, {""name"": ""Coinbase"", ""score"": 0.1833}]",True,0.18350622120515775,False
0x267be1c1d684f78cb4f6a176c4911b741e4ffdc0,Kraken,1000.0,1000.0,1000.0,1462729.327791731,1462.7293277917313,27059.24174555993,5.0,3.9712152777777776,200.0,Kraken,UNKNOWN,0.5933,"[{""name"": ""Kraken"", ""score"": 0.5933}, {""name"": ""Coinbase"", ""score"": 0.3233}, {""name"": ""Binance"", ""score"": 0.0833}]",True,-0.025597357119005015,True
0xfbfc7a458017c1566ecf87cb746c7ca915a79f7f,Kraken,1000.0,1000.0,1000.0,101.10680160597802,0.101106801605978,3.1624007681530606,451.0,1024.0630208333334,2.217294900221729,Kraken,Kraken,0.8867,"[{""name"": ""Kraken"", ""score"": 0.8867}, {""name"": ""Coinbase"", ""score"": 0.1133}, {""name"": ""Binance"", ""score"": 0.0}]",False,0.1616692542610666,False
0x5c5f75b6fba2903adf66c7bddcea99b4cce44a8a,Kraken,1000.0,1000.0,1000.0,51.0,0.051,1.5814233778150304,155.0,224.38736111111112,6.451612903225806,Kraken,Kraken,0.9933,"[{""name"": ""Kraken"", ""score"": 0.9933}, {""name"": ""Coinbase"", ""score"": 0.0067}, {""name"": ""Binance"", ""score"": 0.0}]",False,0.22886532341467802,False
0x5360c1e24d2367ddbe9e2c6af0f93535e824ada8,Kraken,1000.0,1000.0,1000.0,101.0,0.101,3.162404117091898,181.0,195.78425925925927,5.524861878453039,Kraken,Kraken,1.0,"[{""name"": ""Kraken"", ""score"": 1.0}, {""name"": ""Binance"", ""score"": 0.0}, {""name"": ""Coinbase"", ""score"": 0.0}]",False,0.22913575978162232,False
0x35639fa8e29159e51425d050a7ec9ffcd0b545a8,Kraken,704.0,704.0,704.0,17.850802805340024,0.0253562539848579,0.410897774813831,118.0,194.23111111111112,5.966101694915254,Kraken,Kraken,0.7867,"[{""name"": ""Kraken"", ""score"": 0.7867}, {""name"": ""Binance"", ""score"": 0.1133}, {""name"": ""Coinbase"", ""score"": 0.1}]",False,0.17288075469625075,False
0xb604f2d512eaa32e06f1ac40362bc9157ce5da96,Kraken,13.0,13.0,13.0,1021.1,78.54615384615384,187.08677405322115,10.0,179.0923611111111,1.3,Coinbase,UNKNOWN,0.5467,"[{""name"": ""Coinbase"", ""score"": 0.5467}, {""name"": ""Kraken"", ""score"": 0.27}, {""name"": ""Binance"", ""score"": 0.1833}]",True,0.1925351889352407,False
0x72812e21f33de611e674ec18d60554ac895b1eee,Kraken,1000.0,1000.0,1000.0,5.091455988929924,0.0050914559889299,0.130351208089699,255.0,299.94388888888886,3.92156862745098,Kraken,Kraken,0.93,"[{""name"": ""Kraken"", ""score"": 0.93}, {""name"": ""Binance"", ""score"": 0.0633}, {""name"": ""Coinbase"", ""score"": 0.0067}]",False,0.22528221088476796,False
0x5203aeaaee721195707b01e613b6c3259b3a5cf6,Kraken,1000.0,1000.0,1000.0,500.0,0.5,15.811388300841896,63.0,62.27804398148148,15.873015873015872,Kraken,Kraken,0.8633,"[{""name"": ""Kraken"", ""score"": 0.8633}, {""name"": ""Coinbase"", ""score"": 0.1367}, {""name"": ""Binance"", ""score"": 0.0}]",False,0.22779184793215823,False
0x5e4b4fd3ae1507febe0ac1c77f43641a71efba56,Kraken,515.0,515.0,515.0,10.01789560547464,0.0194522244766497,0.3078329026705724,170.0,328.0177777777778,3.0294117647058822,Kraken,Kraken,0.8733,"[{""name"": ""Kraken"", ""score"": 0.8733}, {""name"": ""Coinbase"", ""score"": 0.0733}, {""name"": ""Binance"", ""score"": 0.0533}]",False,0.16375089021236222,False
0x1d0065d367da1919cd597d25f91a97b6039428c5,Kraken,1000.0,1000.0,1000.0,5.119254610229711,0.0051192546102297,0.1048092660688062,107.0,125.84625,9.345794392523365,Kraken,Kraken,0.77,"[{""name"": ""Kraken"", ""score"": 0.77}, {""name"": ""Coinbase"", ""score"": 0.1533}, {""name"": ""Binance"", ""score"": 0.0767}]",False,0.2316171246957497,False
0xcdc8488e63a403bfd580222ea0f3719477bfea9c,Kraken,1000.0,1000.0,1000.0,101.0,0.101,3.162404117091898,79.0,89.57905092592593,12.658227848101266,Kraken,Kraken,0.9967,"[{""name"": ""Kraken"", ""score"": 0.9967}, {""name"": ""Coinbase"", ""score"": 0.0033}, {""name"": ""Binance"", ""score"": 0.0}]",False,0.23357904551834896,False
0x21ba9d82ac862daace296bc6467efce8e3190f1c,Kraken,1000.0,1000.0,999.0,100.0,0.1,3.13078293750969,235.0,459.1346064814815,4.25531914893617,Kraken,Kraken,0.9967,"[{""name"": ""Kraken"", ""score"": 0.9967}, {""name"": ""Coinbase"", ""score"": 0.0033}, {""name"": ""Binance"", ""score"": 0.0}]",False,0.2272845237115771,False
0x22af984f13dfb5c80145e3f9ee1050ae5a5fb651,Kraken,1000.0,1000.0,1000.0,1.0000052525,0.0010000052525,0.0316227764358551,69.0,170.47819444444443,14.492753623188406,Kraken,UNKNOWN,0.4867,"[{""name"": ""Kraken"", ""score"": 0.4867}, {""name"": ""Coinbase"", ""score"": 0.4567}, {""name"": ""Binance"", ""score"": 0.0567}]",True,0.23124727831142144,False
0x71beefcf9f31872ccec0bc9789f211609685205a,Kraken,1000.0,1000.0,1000.0,500.0367869358886,0.5000367869358886,15.811387156089411,470.0,1029.6460300925926,2.127659574468085,Kraken,Kraken,0.7167,"[{""name"": ""Kraken"", ""score"": 0.7167}, {""name"": ""Coinbase"", ""score"": 0.2167}, {""name"": ""Binance"", ""score"": 0.0667}]",False,0.1182622023252311,False
0xd23629a6622bbd1f2a3e7d65c715d79e68273876,Kraken,1000.0,1000.0,1000.0,101.0,0.101,3.162404117091899,223.0,246.5934375,4.484304932735426,Kraken,Kraken,1.0,"[{""name"": ""Kraken"", ""score"": 1.0}, {""name"": ""Binance"", ""score"": 0.0}, {""name"": ""Coinbase"", ""score"": 0.0}]",False,0.229046164852637,False
0x3bef9fb8df3d641f5f8578a8b84ef9f6d94a59b6,Kraken,1000.0,1000.0,1000.0,5.0104037054336805,0.0050104037054336,0.1581135835006605,150.0,177.20958333333334,6.666666666666667,Kraken,Kraken,0.98,"[{""name"": ""Kraken"", ""score"": 0.98}, {""name"": ""Binance"", ""score"": 0.0133}, {""name"": ""Coinbase"", ""score"": 0.0067}]",False,0.22802542740296838,False
0xd88545d0034c245857d1523bb4e8686bced9bb85,Kraken,0.0,0.0,0.0,0.0,0.0,0.0,0.0,0.0,0.0,Coinbase,UNKNOWN,0.7302,"[{""name"": ""Coinbase"", ""score"": 0.7302}, {""name"": ""Kraken"", ""score"": 0.2698}, {""name"": ""Binance"", ""score"": 0.0}]",True,0.21532009827519416,True
0x4541502fdd6a8f232ad53a1ccb8ccb98042bbef1,Kraken,1000.0,1000.0,1000.0,11.213313925313535,0.0112133139253135,0.3177681411046168,158.0,293.40875,6.329113924050633,Kraken,Kraken,0.7233,"[{""name"": ""Kraken"", ""score"": 0.7233}, {""name"": ""Binance"", ""score"": 0.26}, {""name"": ""Coinbase"", ""score"": 0.0167}]",False,0.22634403745063458,False
0x26c1df84f7917c5d90f1d8d744b0caaf1ae3fa11,Kraken,1000.0,1000.0,1000.0,51.0,0.051,1.5814233778150306,247.0,298.23438657407405,4.048582995951417,Kraken,Kraken,0.97,"[{""name"": ""Kraken"", ""score"": 0.97}, {""name"": ""Coinbase"", ""score"": 0.03}, {""name"": ""Binance"", ""score"": 0.0}]",False,0.22712564978081573,False
0x9b6276e01de77a4d6fc99acbf62cb8684c92e6ec,Kraken,1000.0,1000.0,1000.0,101.09008190235788,0.1010900819023578,3.1624013192765137,460.0,1131.2937962962965,2.1739130434782608,Kraken,Kraken,0.8733,"[{""name"": ""Kraken"", ""score"": 0.8733}, {""name"": ""Coinbase"", ""score"": 0.1067}, {""name"": ""Binance"", ""score"": 0.02}]",False,0.15015082428458432,False
0x8e82c551f4f1bbc8802800d5ed8de03c0be845de,Kraken,1000.0,1000.0,1000.0,51.000702263864,0.051000702263864,1.5814233553006791,390.0,669.3389814814815,2.5641025641025643,Kraken,Kraken,0.9967,"[{""name"": ""Kraken"", ""score"": 0.9967}, {""name"": ""Coinbase"", ""score"": 0.0033}, {""name"": ""Binance"", ""score"": 0.0}]",False,0.19892669471305208,False
0x6a68d4acff1a1dacc80e4ae653543e0d2402803e,Kraken,1000.0,1000.0,1000.0,100.18404291779014,0.1001840429177901,3.130777202261489,368.0,577.5133101851852,2.717391304347826,Kraken,Kraken,1.0,"[{""name"": ""Kraken"", ""score"": 1.0}, {""name"": ""Binance"", ""score"": 0.0}, {""name"": ""Coinbase"", ""score"": 0.0}]",False,0.2069112437124656,False
0x97065f80ba0675383589809de3f0f00ff4de80eb,Kraken,1000.0,1000.0,1000.0,538507.1250279051,538.5071250279051,4158.513169284661,218.0,410.99625,4.587155963302752,Kraken,Kraken,0.8633,"[{""name"": ""Kraken"", ""score"": 0.8633}, {""name"": ""Binance"", ""score"": 0.0833}, {""name"": ""Coinbase"", ""score"": 0.0533}]",False,0.08127406688642186,False
0x6491d7752a332d7b0587b6164f39bdc0d62a9a9f,Kraken,1000.0,1000.0,1000.0,5.236009661445754,0.0052360096614457,0.1581386213824592,205.0,234.43444444444444,4.878048780487805,Kraken,Kraken,0.99,"[{""name"": ""Kraken"", ""score"": 0.99}, {""name"": ""Coinbase"", ""score"": 0.0067}, {""name"": ""Binance"", ""score"": 0.0033}]",False,0.22858657169694963,False
0xadae2f3b0db76cb3eafe76a8bf99b93f099c140a,Kraken,1000.0,1000.0,1000.0,51.0,0.051,1.5814233778150306,203.0,258.74234953703706,4.926108374384237,Kraken,Kraken,0.9967,"[{""name"": ""Kraken"", ""score"": 0.9967}, {""name"": ""Coinbase"", ""score"": 0.0033}, {""name"": ""Binance"", ""score"": 0.0}]",False,0.2298995848044577,False
0xe9f7ecae3a53d2a67105292894676b00d1fab785,Kraken,1000.0,1000.0,999.0,20.0,0.02,0.632455532033676,90.0,134.6949884259259,11.11111111111111,Kraken,UNKNOWN,0.5567,"[{""name"": ""Kraken"", ""score"": 0.5567}, {""name"": ""Binance"", ""score"": 0.2367}, {""name"": ""Coinbase"", ""score"": 0.2067}]",True,0.23275490497797113,False
0xfd387b7ddea5880beeee5664d547cd2da614df8d,Kraken,1000.0,1000.0,1000.0,100.06245927194192,0.1000624592719419,3.1307809768574324,377.0,731.5005671296296,2.6525198938992043,Kraken,Kraken,0.9933,"[{""name"": ""Kraken"", ""score"": 0.9933}, {""name"": ""Coinbase"", ""score"": 0.0067}, {""name"": ""Binance"", ""score"": 0.0}]",False,0.19939444070358825,False
0xb23c002bc65c6bb539aad4c11d606ef4f5502c93,Kraken,1000.0,1000.0,1000.0,892052.3997952099,892.0523997952099,5388.427866484301,196.0,492.6361111111111,5.1020408163265305,Kraken,UNKNOWN,0.45,"[{""name"": ""Kraken"", ""score"": 0.45}, {""name"": ""Binance"", ""score"": 0.43}, {""name"": ""Coinbase"", ""score"": 0.12}]",True,0.0605883097551122,False
0x7c628430e0702847cf4ec7211c80314e46db4c87,Kraken,1000.0,1000.0,1000.0,101.0,0.101,3.162404117091899,130.0,168.79458333333332,7.6923076923076925,Kraken,Kraken,1.0,"[{""name"": ""Kraken"", ""score"": 1.0}, {""name"": ""Binance"", ""score"": 0.0}, {""name"": ""Coinbase"", ""score"": 0.0}]",False,0.2301659034555935,False
0x9c2bd617b77961ee2c5e3038dfb0c822cb75d82a,Kraken,25.0,25.0,25.0,0.9379420897627052,0.0375176835905082,0.1301607754912791,15.0,323.63930555555555,1.6666666666666667,Coinbase,UNKNOWN,0.5633,"[{""name"": ""Coinbase"", ""score"": 0.5633}, {""name"": ""Kraken"", ""score"": 0.3233}, {""name"": ""Binance"", ""score"": 0.1133}]",True,0.20918664765135636,False
0xfedac45de308e24b8282193c512f029250943d8a,Kraken,1000.0,1000.0,1000.0,101.0,0.101,3.162404117091898,281.0,363.64875,3.5587188612099645,Kraken,Kraken,1.0,"[{""name"": ""Kraken"", ""score"": 1.0}, {""name"": ""Binance"", ""score"": 0.0}, {""name"": ""Coinbase"", ""score"": 0.0}]",False,0.22404933511609765,False
0x7a2e4aa4f2f6ab66594fff84dcabac67fb9773c8,Kraken,1000.0,1000.0,1000.0,500.0,0.5,15.811388300841896,118.0,129.49980324074073,8.474576271186441,Kraken,Kraken,0.9333,"[{""name"": ""Kraken"", ""score"": 0.9333}, {""name"": ""Coinbase"", ""score"": 0.0667}, {""name"": ""Binance"", ""score"": 0.0}]",False,0.2291490490684301,False
0xb930776e755d470b023df39006e8eb13336f47b8,Kraken,1000.0,1000.0,1000.0,100.0,0.1,3.1307829375096903,223.0,383.28809027777777,4.484304932735426,Kraken,Kraken,0.9867,"[{""name"": ""Kraken"", ""score"": 0.9867}, {""name"": ""Binance"", ""score"": 0.01}, {""name"": ""Coinbase"", ""score"": 0.0033}]",False,0.22868007304381516,False
0x53d284357ec70ce289d6d64134dfac8e511c8a3d,Kraken,1000.0,1000.0,1000.0,1706665.6570814943,1706.6656570814944,9982.63562367004,1.0,0.0056481481481481,1000.0,Kraken,UNKNOWN,0.55,"[{""name"": ""Kraken"", ""score"": 0.55}, {""name"": ""Binance"", ""score"": 0.2867}, {""name"": ""Coinbase"", ""score"": 0.1633}]",True,-0.10384168465938948,True
0x2c7c03cf85ec621bf997e425f550a6683d6d60f3,Kraken,783.0,783.0,783.0,269.5168427581218,0.3442105271495808,0.4757720832586015,668.0,1041.5668402777778,1.1721556886227544,Coinbase,Coinbase,0.6933,"[{""name"": ""Coinbase"", ""score"": 0.6933}, {""name"": ""Kraken"", ""score"": 0.29}, {""name"": ""Binance"", ""score"": 0.0167}]",False,0.03868890472597086,False
0x24c65132cded9e5b356a62d4cea59a8b3f0bd7f4,Kraken,1000.0,1000.0,1000.0,6.212133389738496,0.0062121333897384,0.1341252862857964,72.0,154.09666666666666,13.88888888888889,Kraken,Kraken,0.96,"[{""name"": ""Kraken"", ""score"": 0.96}, {""name"": ""Binance"", ""score"": 0.0367}, {""name"": ""Coinbase"", ""score"": 0.0033}]",False,0.23033135712869085,False
0xf103ddb6005736f3bb0d959f1419656792f9807d,Kraken,1000.0,1000.0,1000.0,5.309144717196682,0.0053091447171966,0.1303441100567653,167.0,221.1543055555556,5.9880239520958085,Kraken,Kraken,0.9733,"[{""name"": ""Kraken"", ""score"": 0.9733}, {""name"": ""Binance"", ""score"": 0.02}, {""name"": ""Coinbase"", ""score"": 0.0067}]",False,0.22824194125293829,False
0x735fd3c55a8be1aeb3544c7e29eba3ea23500a1c,Kraken,1000.0,1000.0,1000.0,101.0,0.101,3.1624041170919,194.0,228.3547106481481,5.154639175257732,Kraken,Kraken,1.0,"[{""name"": ""Kraken"", ""score"": 1.0}, {""name"": ""Binance"", ""score"": 0.0}, {""name"": ""Coinbase"", ""score"": 0.0}]",False,0.23168651278191815,False
0x555e179d64335945fc6b155b7235a31b0a595542,Kraken,6.0,6.0,6.0,0.9467202667744375,0.1577867111290729,0.2450220885934358,4.0,174.15958333333333,1.5,Coinbase,Coinbase,0.6167,"[{""name"": ""Coinbase"", ""score"": 0.6167}, {""name"": ""Kraken"", ""score"": 0.31}, {""name"": ""Binance"", ""score"": 0.0733}]",False,0.21713732325147955,False
0xfa820671257a3bf42379c7c4deeaf2f05500a3e4,Kraken,1000.0,1000.0,1000.0,5.306107497461992,0.0053061074974619,0.158137285690409,97.0,99.91638888888887,10.309278350515465,Kraken,Kraken,0.94,"[{""name"": ""Kraken"", ""score"": 0.94}, {""name"": ""Binance"", ""score"": 0.05}, {""name"": ""Coinbase"", ""score"": 0.01}]",False,0.2305716759609977,False
0x9ee32359b180ff684a315053e418aaf223932cb9,Kraken,1000.0,1000.0,1000.0,52.01031402528569,0.0520103140252856,1.5817069072781271,340.0,743.8633912037037,2.9411764705882355,Kraken,Kraken,0.9967,"[{""name"": ""Kraken"", ""score"": 0.9967}, {""name"": ""Coinbase"", ""score"": 0.0033}, {""name"": ""Binance"", ""score"": 0.0}]",False,0.20286127375131668,False
0x2989be98cd0d84d492e4b2410301b4b4be4f7a70,Kraken,1000.0,1000.0,1000.0,5.060427942801826,0.0050604279428018,0.1303513967333321,218.0,309.15569444444446,4.587155963302752,Kraken,Kraken,0.9833,"[{""name"": ""Kraken"", ""score"": 0.9833}, {""name"": ""Coinbase"", ""score"": 0.0133}, {""name"": ""Binance"", ""score"": 0.0033}]",False,0.22947008483526582,False
0xe850b7c87f66371035e184c72d4b99e7b2ca4865,Kraken,1000.0,1000.0,1000.0,101.0,0.101,3.162404117091899,102.0,138.44707175925927,9.803921568627452,Kraken,Kraken,0.9167,"[{""name"": ""Kraken"", ""score"": 0.9167}, {""name"": ""Binance"", ""score"": 0.0667}, {""name"": ""Coinbase"", ""score"": 0.0167}]",False,0.2304071713252991,False
0x229eee9e5b241e52e4d13aae128fe44b5873f740,Kraken,4.0,4.0,4.0,0.1,0.025,0.05,3.0,291.2225,1.3333333333333333,Coinbase,Coinbase,0.9167,"[{""name"": ""Coinbase"", ""score"": 0.9167}, {""name"": ""Kraken"", ""score"": 0.08}, {""name"": ""Binance"", ""score"": 0.0033}]",False,0.2168290084206022,False
0xed9b8f05224b881a222ece2e20bd2f4bdb71d0f8,Kraken,1000.0,1000.0,1000.0,0.201,0.000201,0.0044699641586459,66.0,101.32097222222222,15.151515151515152,Kraken,UNKNOWN,0.3467,"[{""name"": ""Kraken"", ""score"": 0.3467}, {""name"": ""Binance"", ""score"": 0.3267}, {""name"": ""Coinbase"", ""score"": 0.3267}]",True,0.23279481762080811,False
0x2b8efcb849316b060a1c86498470f967d3184a2c,Kraken,1000.0,1000.0,1000.0,51.100324044868906,0.0511003240448689,1.5814203536908,443.0,873.4865509259259,2.2573363431151243,Kraken,Kraken,0.7967,"[{""name"": ""Kraken"", ""score"": 0.7967}, {""name"": ""Coinbase"", ""score"": 0.2033}, {""name"": ""Binance"", ""score"": 0.0}]",False,0.1727039355338965,False
0x79990a901281bee059bb3f4d7db477f7495e2049,Kraken,39.0,39.0,39.0,2.4488260157592983,0.0627904106604948,0.2448612917908998,29.0,824.9040277777777,1.3448275862068966,Coinbase,UNKNOWN,0.52,"[{""name"": ""Coinbase"", ""score"": 0.52}, {""name"": ""Kraken"", ""score"": 0.39}, {""name"": ""Binance"", ""score"": 0.09}]",True,0.18645469186917923,False
0x52cf9132b4847591881c09fcdc79c0e90f4c753d,Kraken,1000.0,1000.0,1000.0,5.100716398962959,0.0051007163989629,0.1303499880870267,222.0,312.50416666666666,4.504504504504505,Kraken,Kraken,0.8267,"[{""name"": ""Kraken"", ""score"": 0.8267}, {""name"": ""Binance"", ""score"": 0.1733}, {""name"": ""Coinbase"", ""score"": 0.0}]",False,0.22904115451497797,False
0xce27fc71139d02f9a3d5cc1356add185750660ac,Kraken,1000.0,1000.0,1000.0,100.0,0.1,3.16227766016838,48.0,51.08940972222222,20.83333333333333,Kraken,Kraken,0.9033,"[{""name"": ""Kraken"", ""score"": 0.9033}, {""name"": ""Coinbase"", ""score"": 0.0833}, {""name"": ""Binance"", ""score"": 0.0133}]",False,0.23201069788980344,False
0xda9dfa130df4de4673b89022ee50ff26f6ea73cf,Kraken,646.0,646.0,646.0,4261680.040684551,6597.027926756271,40843.37726482961,114.0,1842.6945138888889,5.666666666666667,Coinbase,UNKNOWN,0.5233,"[{""name"": ""Coinbase"", ""score"": 0.5233}, {""name"": ""Binance"", ""score"": 0.2867}, {""name"": ""Kraken"", ""score"": 0.19}]",True,-0.0782949086304785,True
0x10593a64b7b7bb0ea29b8c01f1619ca8ff294b2f,Kraken,1000.0,1000.0,1000.0,51.0,0.051,1.5814233778150306,88.0,87.35152777777778,11.363636363636363,Kraken,Kraken,0.9367,"[{""name"": ""Kraken"", ""score"": 0.9367}, {""name"": ""Coinbase"", ""score"": 0.0533}, {""name"": ""Binance"", ""score"": 0.01}]",False,0.23247526512896938,False
0x1d0e8445694a22f34334ad1ade6271ecde76db63,Kraken,1000.0,1000.0,1000.0,51.001111054933126,0.0510011110549331,1.5814233423385704,330.0,693.7400462962963,3.0303030303030303,Kraken,Kraken,1.0,"[{""name"": ""Kraken"", ""score"": 1.0}, {""name"": ""Binance"", ""score"": 0.0}, {""name"": ""Coinbase"", ""score"": 0.0}]",False,0.2046491798344442,False
0x108a745ce1faea55ebc09aa217b554a7a7e865b2,Kraken,1000.0,1000.0,1000.0,100.14380761018514,0.1001438076101851,3.1307784657509847,358.0,722.5333217592593,2.793296089385475,Kraken,Kraken,1.0,"[{""name"": ""Kraken"", ""score"": 1.0}, {""name"": ""Binance"", ""score"": 0.0}, {""name"": ""Coinbase"", ""score"": 0.0}]",False,0.204037009622151,False
0x2bb41971b9c23d612ebecc10a8037e0322de5c37,Kraken,1000.0,1000.0,1000.0,100.0,0.1,3.16227766016838,169.0,455.4254282407408,5.9171597633136095,Kraken,Kraken,0.9933,"[{""name"": ""Kraken"", ""score"": 0.9933}, {""name"": ""Coinbase"", ""score"": 0.0067}, {""name"": ""Binance"", ""score"": 0.0}]",False,0.22286615440202956,False
0x3b3d891d9e4e150330b527306c70e3efa5620539,Kraken,1000.0,1000.0,1000.0,5.032529629640521,0.0050325296296405,0.1303523461406914,183.0,360.38208333333336,5.46448087431694,Kraken,Kraken,0.98,"[{""name"": ""Kraken"", ""score"": 0.98}, {""name"": ""Binance"", ""score"": 0.0133}, {""name"": ""Coinbase"", ""score"": 0.0067}]",False,0.229058813625323,False
0x8a108e4761386c94b8d2f98a5ffe13e472cfe76a,Kraken,1000.0,1000.0,1000.0,500.0,0.5,15.811388300841896,100.0,115.04280092592592,10.0,Kraken,Kraken,0.9667,"[{""name"": ""Kraken"", ""score"": 0.9667}, {""name"": ""Coinbase"", ""score"": 0.03}, {""name"": ""Binance"", ""score"": 0.0033}]",False,0.22675432635748977,False
0x8b973a304138eca1936d77ac07980840c5775258,Kraken,1000.0,1000.0,1000.0,101.0,0.101,3.162404117091898,368.0,534.804212962963,2.717391304347826,Kraken,Kraken,0.9933,"[{""name"": ""Kraken"", ""score"": 0.9933}, {""name"": ""Coinbase"", ""score"": 0.0067}, {""name"": ""Binance"", ""score"": 0.0}]",False,0.20759850802404728,False
0xa39fed0345d617370b740d63e0a019a202b04f2e,Kraken,1000.0,1000.0,1000.0,5.075103877664676,0.0050751038776646,0.1303509178642689,255.0,350.15944444444443,3.92156862745098,Kraken,Kraken,0.9967,"[{""name"": ""Kraken"", ""score"": 0.9967}, {""name"": ""Coinbase"", ""score"": 0.0033}, {""name"": ""Binance"", ""score"": 0.0}]",False,0.22570967389622343,False
0xf510dde022a655e7e3189cdf67687e7ffcd80d91,Kraken,1000.0,1000.0,1000.0,51.0,0.051,1.5814233778150306,347.0,657.4909143518519,2.881844380403458,Kraken,Kraken,1.0,"[{""name"": ""Kraken"", ""score"": 1.0}, {""name"": ""Binance"", ""score"": 0.0}, {""name"": ""Coinbase"", ""score"": 0.0}]",False,0.20604404413655747,False
0xf050257f16a466f7d3926a38e830589ab539ee88,Kraken,1000.0,1000.0,1000.0,101.0,0.101,3.162404117091898,192.0,202.9192361111111,5.208333333333333,Kraken,Kraken,0.9967,"[{""name"": ""Kraken"", ""score"": 0.9967}, {""name"": ""Binance"", ""score"": 0.0033}, {""name"": ""Coinbase"", ""score"": 0.0}]",False,0.2307646296267059,False
0xa24787320ede4cc19d800bf87b41ab9539c4da9d,Kraken,1000.0,1000.0,999.0,0.0,0.0,0.0,18.0,16.610960648148147,55.55555555555556,Coinbase,Coinbase,0.6198,"[{""name"": ""Coinbase"", ""score"": 0.6198}, {""name"": ""Binance"", ""score"": 0.2833}, {""name"": ""Kraken"", ""score"": 0.0969}]",False,0.21909382229198238,False
0x808e5374106e820ae54662fcf8a5e3cca6afa13d,Kraken,1000.0,1000.0,1000.0,100.0,0.1,3.1307829375096903,291.0,423.5859722222222,3.436426116838488,Kraken,Kraken,0.97,"[{""name"": ""Kraken"", ""score"": 0.97}, {""name"": ""Coinbase"", ""score"": 0.03}, {""name"": ""Binance"", ""score"": 0.0}]",False,0.2209066094470335,False
0x0ef6aeb825dc4c9983d551f8afefaae9d79165c6,Kraken,1000.0,1000.0,1000.0,101.0,0.101,3.162404117091899,227.0,271.36347222222224,4.405286343612334,Kraken,Kraken,0.9967,"[{""name"": ""Kraken"", ""score"": 0.9967}, {""name"": ""Coinbase"", ""score"": 0.0033}, {""name"": ""Binance"", ""score"": 0.0}]",False,0.22848537996463958,False
0x3ff7215004fea03c2c745e0476e3f412050e04d1,Kraken,1000.0,1000.0,1000.0,71.0,0.071,1.6913958199723145,132.0,172.2460300925926,7.575757575757576,Kraken,Kraken,0.9267,"[{""name"": ""Kraken"", ""score"": 0.9267}, {""name"": ""Coinbase"", ""score"": 0.0667}, {""name"": ""Binance"", ""score"": 0.0067}]",False,0.22981502248330193,False
0x17c358503e8f0a0322b304ffc0390b08a0de0fa3,Kraken,982.0,982.0,982.0,9.64355203642885,0.0098203177560375,0.1962341124232549,330.0,474.05694444444447,2.975757575757576,Kraken,Kraken,0.9567,"[{""name"": ""Kraken"", ""score"": 0.9567}, {""name"": ""Coinbase"", ""score"": 0.03}, {""name"": ""Binance"", ""score"": 0.0133}]",False,0.19322698636656854,False
0x00d3c53b1ec47932c25595ba2e53e9db20fc7364,Kraken,1000.0,1000.0,1000.0,101.0,0.101,3.1624041170918984,298.0,405.0247685185185,3.355704697986577,Kraken,Kraken,0.9933,"[{""name"": ""Kraken"", ""score"": 0.9933}, {""name"": ""Coinbase"", ""score"": 0.0067}, {""name"": ""Binance"", ""score"": 0.0}]",False,0.22083350686110548,False
0x9da5812111dcbd65ff9b736874a89751a4f0a2f8,Kraken,0.0,0.0,0.0,0.0,0.0,0.0,0.0,0.0,0.0,Coinbase,UNKNOWN,0.7086,"[{""name"": ""Coinbase"", ""score"": 0.7086}, {""name"": ""Kraken"", ""score"": 0.2914}, {""name"": ""Binance"", ""score"": 0.0}]",True,0.21532009827519416,True
0x6b6fade7dd698f4bc30048b3c53cb4a6a9d808ed,Kraken,1000.0,1000.0,1000.0,101.08216670715883,0.1010821667071588,3.162401636498505,449.0,1084.6495138888888,2.2271714922049,Kraken,Kraken,0.8967,"[{""name"": ""Kraken"", ""score"": 0.8967}, {""name"": ""Coinbase"", ""score"": 0.1033}, {""name"": ""Binance"", ""score"": 0.0}]",False,0.15746462582070692,False
0xb3be595ab898568567d08b3f179443a19e034d50,Kraken,1000.0,1000.0,1000.0,51.0,0.051,1.5814233778150306,268.0,332.0943402777778,3.7313432835820897,Kraken,Kraken,0.9967,"[{""name"": ""Kraken"", ""score"": 0.9967}, {""name"": ""Coinbase"", ""score"": 0.0033}, {""name"": ""Binance"", ""score"": 0.0}]",False,0.22502936835579523,False
0x2c04af9362797bdc4b182e29e0c58440411a4481,Kraken,1000.0,1000.0,1000.0,5.031332569937819,0.0050313325699378,0.1303522914712775,278.0,402.0245833333333,3.597122302158273,Kraken,Kraken,0.92,"[{""name"": ""Kraken"", ""score"": 0.92}, {""name"": ""Coinbase"", ""score"": 0.06}, {""name"": ""Binance"", ""score"": 0.02}]",False,0.22301883866859162,False
0xf47b5defcd9642accf321f38c4ed319e4efeb47c,Kraken,1000.0,1000.0,1000.0,100.0,0.1,3.16227766016838,36.0,38.606712962962966,27.77777777777778,Kraken,Kraken,0.93,"[{""name"": ""Kraken"", ""score"": 0.93}, {""name"": ""Binance"", ""score"": 0.06}, {""name"": ""Coinbase"", ""score"": 0.01}]",False,0.22803264104523957,False
0x1a6fc5abd6d15fa3673784da167db7f80b90e472,Kraken,810.0,810.0,810.0,9.682145718603955,0.0119532663192641,0.2167802978746857,295.0,481.7811111111111,2.7457627118644066,Kraken,Kraken,0.94,"[{""name"": ""Kraken"", ""score"": 0.94}, {""name"": ""Coinbase"", ""score"": 0.06}, {""name"": ""Binance"", ""score"": 0.0}]",False,0.17707113432985438,False
0xe7178ad747f2c12ab1f8332e61cf6e756815d5c6,Kraken,1000.0,1000.0,1000.0,100.0,0.1,3.16227766016838,129.0,140.70296296296297,7.751937984496124,Kraken,Kraken,1.0,"[{""name"": ""Kraken"", ""score"": 1.0}, {""name"": ""Binance"", ""score"": 0.0}, {""name"": ""Coinbase"", ""score"": 0.0}]",False,0.2291867462997616,False
0xae2d4617c862309a3d75a0ffb358c7a5009c673f,Kraken,1000.0,1000.0,1000.0,100.0,0.1,3.16227766016838,24.0,26.81594907407408,41.66666666666666,Kraken,Kraken,0.9667,"[{""name"": ""Kraken"", ""score"": 0.9667}, {""name"": ""Binance"", ""score"": 0.03}, {""name"": ""Coinbase"", ""score"": 0.0033}]",False,0.2265056390137572,False
0xa054611c5b224a5f4ce93ac2a5f8d0ed17813402,Kraken,1000.0,1000.0,1000.0,500.0,0.5,15.811388300841896,173.0,197.4733912037037,5.780346820809249,Kraken,Kraken,0.99,"[{""name"": ""Kraken"", ""score"": 0.99}, {""name"": ""Coinbase"", ""score"": 0.0067}, {""name"": ""Binance"", ""score"": 0.0033}]",False,0.21932890662170684,False
